id,Geographic Area Name,Estimate!!SEX AND AGE!!Total population,Margin of Error!!SEX AND AGE!!Total population,Percent!!SEX AND AGE!!Total population,Percent Margin of Error!!SEX AND AGE!!Total population,Estimate!!SEX AND AGE!!Total population!!Male,Margin of Error!!SEX AND AGE!!Total population!!Male,Percent!!SEX AND AGE!!Total population!!Male,Percent Margin of Error!!SEX AND AGE!!Total population!!Male,Estimate!!SEX AND AGE!!Total population!!Female,Margin of Error!!SEX AND AGE!!Total population!!Female,Percent!!SEX AND AGE!!Total population!!Female,Percent Margin of Error!!SEX AND AGE!!Total population!!Female,Estimate!!SEX AND AGE!!Total population!!Sex ratio (males per 100 females),Margin of Error!!SEX AND AGE!!Total population!!Sex ratio (males per 100 females),Percent!!SEX AND AGE!!Total population!!Sex ratio (males per 100 females),Percent Margin of Error!!SEX AND AGE!!Total population!!Sex ratio (males per 100 females),Estimate!!SEX AND AGE!!Total population!!Under 5 years,Margin of Error!!SEX AND AGE!!Total population!!Under 5 years,Percent!!SEX AND AGE!!Total population!!Under 5 years,Percent Margin of Error!!SEX AND AGE!!Total population!!Under 5 years,Estimate!!SEX AND AGE!!Total population!!5 to 9 years,Margin of Error!!SEX AND AGE!!Total population!!5 to 9 years,Percent!!SEX AND AGE!!Total population!!5 to 9 years,Percent Margin of Error!!SEX AND AGE!!Total population!!5 to 9 years,Estimate!!SEX AND AGE!!Total population!!10 to 14 years,Margin of Error!!SEX AND AGE!!Total population!!10 to 14 years,Percent!!SEX AND AGE!!Total population!!10 to 14 years,Percent Margin of Error!!SEX AND AGE!!Total population!!10 to 14 years,Estimate!!SEX AND AGE!!Total population!!15 to 19 years,Margin of Error!!SEX AND AGE!!Total population!!15 to 19 years,Percent!!SEX AND AGE!!Total population!!15 to 19 years,Percent Margin of Error!!SEX AND AGE!!Total population!!15 to 19 years,Estimate!!SEX AND AGE!!Total population!!20 to 24 years,Margin of Error!!SEX AND AGE!!Total population!!20 to 24 years,Percent!!SEX AND AGE!!Total population!!20 to 24 years,Percent Margin of Error!!SEX AND AGE!!Total population!!20 to 24 years,Estimate!!SEX AND AGE!!Total population!!25 to 34 years,Margin of Error!!SEX AND AGE!!Total population!!25 to 34 years,Percent!!SEX AND AGE!!Total population!!25 to 34 years,Percent Margin of Error!!SEX AND AGE!!Total population!!25 to 34 years,Estimate!!SEX AND AGE!!Total population!!35 to 44 years,Margin of Error!!SEX AND AGE!!Total population!!35 to 44 years,Percent!!SEX AND AGE!!Total population!!35 to 44 years,Percent Margin of Error!!SEX AND AGE!!Total population!!35 to 44 years,Estimate!!SEX AND AGE!!Total population!!45 to 54 years,Margin of Error!!SEX AND AGE!!Total population!!45 to 54 years,Percent!!SEX AND AGE!!Total population!!45 to 54 years,Percent Margin of Error!!SEX AND AGE!!Total population!!45 to 54 years,Estimate!!SEX AND AGE!!Total population!!55 to 59 years,Margin of Error!!SEX AND AGE!!Total population!!55 to 59 years,Percent!!SEX AND AGE!!Total population!!55 to 59 years,Percent Margin of Error!!SEX AND AGE!!Total population!!55 to 59 years,Estimate!!SEX AND AGE!!Total population!!60 to 64 years,Margin of Error!!SEX AND AGE!!Total population!!60 to 64 years,Percent!!SEX AND AGE!!Total population!!60 to 64 years,Percent Margin of Error!!SEX AND AGE!!Total population!!60 to 64 years,Estimate!!SEX AND AGE!!Total population!!65 to 74 years,Margin of Error!!SEX AND AGE!!Total population!!65 to 74 years,Percent!!SEX AND AGE!!Total population!!65 to 74 years,Percent Margin of Error!!SEX AND AGE!!Total population!!65 to 74 years,Estimate!!SEX AND AGE!!Total population!!75 to 84 years,Margin of Error!!SEX AND AGE!!Total population!!75 to 84 years,Percent!!SEX AND AGE!!Total population!!75 to 84 years,Percent Margin of Error!!SEX AND AGE!!Total population!!75 to 84 years,Estimate!!SEX AND AGE!!Total population!!85 years and over,Margin of Error!!SEX AND AGE!!Total population!!85 years and over,Percent!!SEX AND AGE!!Total population!!85 years and over,Percent Margin of Error!!SEX AND AGE!!Total population!!85 years and over,Estimate!!SEX AND AGE!!Total population!!Median age (years),Margin of Error!!SEX AND AGE!!Total population!!Median age (years),Percent!!SEX AND AGE!!Total population!!Median age (years),Percent Margin of Error!!SEX AND AGE!!Total population!!Median age (years),Estimate!!SEX AND AGE!!Total population!!Under 18 years,Margin of Error!!SEX AND AGE!!Total population!!Under 18 years,Percent!!SEX AND AGE!!Total population!!Under 18 years,Percent Margin of Error!!SEX AND AGE!!Total population!!Under 18 years,Estimate!!SEX AND AGE!!Total population!!16 years and over,Margin of Error!!SEX AND AGE!!Total population!!16 years and over,Percent!!SEX AND AGE!!Total population!!16 years and over,Percent Margin of Error!!SEX AND AGE!!Total population!!16 years and over,Estimate!!SEX AND AGE!!Total population!!18 years and over,Margin of Error!!SEX AND AGE!!Total population!!18 years and over,Percent!!SEX AND AGE!!Total population!!18 years and over,Percent Margin of Error!!SEX AND AGE!!Total population!!18 years and over,Estimate!!SEX AND AGE!!Total population!!21 years and over,Margin of Error!!SEX AND AGE!!Total population!!21 years and over,Percent!!SEX AND AGE!!Total population!!21 years and over,Percent Margin of Error!!SEX AND AGE!!Total population!!21 years and over,Estimate!!SEX AND AGE!!Total population!!62 years and over,Margin of Error!!SEX AND AGE!!Total population!!62 years and over,Percent!!SEX AND AGE!!Total population!!62 years and over,Percent Margin of Error!!SEX AND AGE!!Total population!!62 years and over,Estimate!!SEX AND AGE!!Total population!!65 years and over,Margin of Error!!SEX AND AGE!!Total population!!65 years and over,Percent!!SEX AND AGE!!Total population!!65 years and over,Percent Margin of Error!!SEX AND AGE!!Total population!!65 years and over,Estimate!!SEX AND AGE!!Total population!!18 years and over,Margin of Error!!SEX AND AGE!!Total population!!18 years and over,Percent!!SEX AND AGE!!Total population!!18 years and over,Percent Margin of Error!!SEX AND AGE!!Total population!!18 years and over,Estimate!!SEX AND AGE!!Total population!!18 years and over!!Male,Margin of Error!!SEX AND AGE!!Total population!!18 years and over!!Male,Percent!!SEX AND AGE!!Total population!!18 years and over!!Male,Percent Margin of Error!!SEX AND AGE!!Total population!!18 years and over!!Male,Estimate!!SEX AND AGE!!Total population!!18 years and over!!Female,Margin of Error!!SEX AND AGE!!Total population!!18 years and over!!Female,Percent!!SEX AND AGE!!Total population!!18 years and over!!Female,Percent Margin of Error!!SEX AND AGE!!Total population!!18 years and over!!Female,Estimate!!SEX AND AGE!!Total population!!18 years and over!!Sex ratio (males per 100 females),Margin of Error!!SEX AND AGE!!Total population!!18 years and over!!Sex ratio (males per 100 females),Percent!!SEX AND AGE!!Total population!!18 years and over!!Sex ratio (males per 100 females),Percent Margin of Error!!SEX AND AGE!!Total population!!18 years and over!!Sex ratio (males per 100 females),Estimate!!SEX AND AGE!!Total population!!65 years and over,Margin of Error!!SEX AND AGE!!Total population!!65 years and over,Percent!!SEX AND AGE!!Total population!!65 years and over,Percent Margin of Error!!SEX AND AGE!!Total population!!65 years and over,Estimate!!SEX AND AGE!!Total population!!65 years and over!!Male,Margin of Error!!SEX AND AGE!!Total population!!65 years and over!!Male,Percent!!SEX AND AGE!!Total population!!65 years and over!!Male,Percent Margin of Error!!SEX AND AGE!!Total population!!65 years and over!!Male,Estimate!!SEX AND AGE!!Total population!!65 years and over!!Female,Margin of Error!!SEX AND AGE!!Total population!!65 years and over!!Female,Percent!!SEX AND AGE!!Total population!!65 years and over!!Female,Percent Margin of Error!!SEX AND AGE!!Total population!!65 years and over!!Female,Estimate!!SEX AND AGE!!Total population!!65 years and over!!Sex ratio (males per 100 females),Margin of Error!!SEX AND AGE!!Total population!!65 years and over!!Sex ratio (males per 100 females),Percent!!SEX AND AGE!!Total population!!65 years and over!!Sex ratio (males per 100 females),Percent Margin of Error!!SEX AND AGE!!Total population!!65 years and over!!Sex ratio (males per 100 females),Estimate!!RACE!!Total population,Margin of Error!!RACE!!Total population,Percent!!RACE!!Total population,Percent Margin of Error!!RACE!!Total population,Estimate!!RACE!!Total population!!One race,Margin of Error!!RACE!!Total population!!One race,Percent!!RACE!!Total population!!One race,Percent Margin of Error!!RACE!!Total population!!One race,Estimate!!RACE!!Total population!!Two or more races,Margin of Error!!RACE!!Total population!!Two or more races,Percent!!RACE!!Total population!!Two or more races,Percent Margin of Error!!RACE!!Total population!!Two or more races,Estimate!!RACE!!Total population!!One race,Margin of Error!!RACE!!Total population!!One race,Percent!!RACE!!Total population!!One race,Percent Margin of Error!!RACE!!Total population!!One race,Estimate!!RACE!!Total population!!One race!!White,Margin of Error!!RACE!!Total population!!One race!!White,Percent!!RACE!!Total population!!One race!!White,Percent Margin of Error!!RACE!!Total population!!One race!!White,Estimate Black or African American,Margin of Error!!RACE!!Total population!!One race!!Black or African American,Percent Black or African American,Percent Margin of Error!!RACE!!Total population!!One race!!Black or African American,Estimate!!RACE!!Total population!!One race!!American Indian and Alaska Native,Margin of Error!!RACE!!Total population!!One race!!American Indian and Alaska Native,Percent!!RACE!!Total population!!One race!!American Indian and Alaska Native,Percent Margin of Error!!RACE!!Total population!!One race!!American Indian and Alaska Native,Estimate!!RACE!!Total population!!One race!!American Indian and Alaska Native!!Cherokee tribal grouping,Margin of Error!!RACE!!Total population!!One race!!American Indian and Alaska Native!!Cherokee tribal grouping,Percent!!RACE!!Total population!!One race!!American Indian and Alaska Native!!Cherokee tribal grouping,Percent Margin of Error!!RACE!!Total population!!One race!!American Indian and Alaska Native!!Cherokee tribal grouping,Estimate!!RACE!!Total population!!One race!!American Indian and Alaska Native!!Chippewa tribal grouping,Margin of Error!!RACE!!Total population!!One race!!American Indian and Alaska Native!!Chippewa tribal grouping,Percent!!RACE!!Total population!!One race!!American Indian and Alaska Native!!Chippewa tribal grouping,Percent Margin of Error!!RACE!!Total population!!One race!!American Indian and Alaska Native!!Chippewa tribal grouping,Estimate!!RACE!!Total population!!One race!!American Indian and Alaska Native!!Navajo tribal grouping,Margin of Error!!RACE!!Total population!!One race!!American Indian and Alaska Native!!Navajo tribal grouping,Percent!!RACE!!Total population!!One race!!American Indian and Alaska Native!!Navajo tribal grouping,Percent Margin of Error!!RACE!!Total population!!One race!!American Indian and Alaska Native!!Navajo tribal grouping,Estimate!!RACE!!Total population!!One race!!American Indian and Alaska Native!!Sioux tribal grouping,Margin of Error!!RACE!!Total population!!One race!!American Indian and Alaska Native!!Sioux tribal grouping,Percent!!RACE!!Total population!!One race!!American Indian and Alaska Native!!Sioux tribal grouping,Percent Margin of Error!!RACE!!Total population!!One race!!American Indian and Alaska Native!!Sioux tribal grouping,Estimate!!RACE!!Total population!!One race!!Asian,Margin of Error!!RACE!!Total population!!One race!!Asian,Percent!!RACE!!Total population!!One race!!Asian,Percent Margin of Error!!RACE!!Total population!!One race!!Asian,Estimate!!RACE!!Total population!!One race!!Asian!!Asian Indian,Margin of Error!!RACE!!Total population!!One race!!Asian!!Asian Indian,Percent!!RACE!!Total population!!One race!!Asian!!Asian Indian,Percent Margin of Error!!RACE!!Total population!!One race!!Asian!!Asian Indian,Estimate!!RACE!!Total population!!One race!!Asian!!Chinese,Margin of Error!!RACE!!Total population!!One race!!Asian!!Chinese,Percent!!RACE!!Total population!!One race!!Asian!!Chinese,Percent Margin of Error!!RACE!!Total population!!One race!!Asian!!Chinese,Estimate!!RACE!!Total population!!One race!!Asian!!Filipino,Margin of Error!!RACE!!Total population!!One race!!Asian!!Filipino,Percent!!RACE!!Total population!!One race!!Asian!!Filipino,Percent Margin of Error!!RACE!!Total population!!One race!!Asian!!Filipino,Estimate!!RACE!!Total population!!One race!!Asian!!Japanese,Margin of Error!!RACE!!Total population!!One race!!Asian!!Japanese,Percent!!RACE!!Total population!!One race!!Asian!!Japanese,Percent Margin of Error!!RACE!!Total population!!One race!!Asian!!Japanese,Estimate!!RACE!!Total population!!One race!!Asian!!Korean,Margin of Error!!RACE!!Total population!!One race!!Asian!!Korean,Percent!!RACE!!Total population!!One race!!Asian!!Korean,Percent Margin of Error!!RACE!!Total population!!One race!!Asian!!Korean,Estimate!!RACE!!Total population!!One race!!Asian!!Vietnamese,Margin of Error!!RACE!!Total population!!One race!!Asian!!Vietnamese,Percent!!RACE!!Total population!!One race!!Asian!!Vietnamese,Percent Margin of Error!!RACE!!Total population!!One race!!Asian!!Vietnamese,Estimate!!RACE!!Total population!!One race!!Asian!!Other Asian,Margin of Error!!RACE!!Total population!!One race!!Asian!!Other Asian,Percent!!RACE!!Total population!!One race!!Asian!!Other Asian,Percent Margin of Error!!RACE!!Total population!!One race!!Asian!!Other Asian,Estimate!!RACE!!Total population!!One race!!Native Hawaiian and Other Pacific Islander,Margin of Error!!RACE!!Total population!!One race!!Native Hawaiian and Other Pacific Islander,Percent!!RACE!!Total population!!One race!!Native Hawaiian and Other Pacific Islander,Percent Margin of Error!!RACE!!Total population!!One race!!Native Hawaiian and Other Pacific Islander,Estimate!!RACE!!Total population!!One race!!Native Hawaiian and Other Pacific Islander!!Native Hawaiian,Margin of Error!!RACE!!Total population!!One race!!Native Hawaiian and Other Pacific Islander!!Native Hawaiian,Percent!!RACE!!Total population!!One race!!Native Hawaiian and Other Pacific Islander!!Native Hawaiian,Percent Margin of Error!!RACE!!Total population!!One race!!Native Hawaiian and Other Pacific Islander!!Native Hawaiian,Estimate!!RACE!!Total population!!One race!!Native Hawaiian and Other Pacific Islander!!Guamanian or Chamorro,Margin of Error!!RACE!!Total population!!One race!!Native Hawaiian and Other Pacific Islander!!Guamanian or Chamorro,Percent!!RACE!!Total population!!One race!!Native Hawaiian and Other Pacific Islander!!Guamanian or Chamorro,Percent Margin of Error!!RACE!!Total population!!One race!!Native Hawaiian and Other Pacific Islander!!Guamanian or Chamorro,Estimate!!RACE!!Total population!!One race!!Native Hawaiian and Other Pacific Islander!!Samoan,Margin of Error!!RACE!!Total population!!One race!!Native Hawaiian and Other Pacific Islander!!Samoan,Percent!!RACE!!Total population!!One race!!Native Hawaiian and Other Pacific Islander!!Samoan,Percent Margin of Error!!RACE!!Total population!!One race!!Native Hawaiian and Other Pacific Islander!!Samoan,Estimate!!RACE!!Total population!!One race!!Native Hawaiian and Other Pacific Islander!!Other Pacific Islander,Margin of Error!!RACE!!Total population!!One race!!Native Hawaiian and Other Pacific Islander!!Other Pacific Islander,Percent!!RACE!!Total population!!One race!!Native Hawaiian and Other Pacific Islander!!Other Pacific Islander,Percent Margin of Error!!RACE!!Total population!!One race!!Native Hawaiian and Other Pacific Islander!!Other Pacific Islander,Estimate!!RACE!!Total population!!One race!!Some other race,Margin of Error!!RACE!!Total population!!One race!!Some other race,Percent!!RACE!!Total population!!One race!!Some other race,Percent Margin of Error!!RACE!!Total population!!One race!!Some other race,Estimate!!RACE!!Total population!!Two or more races,Margin of Error!!RACE!!Total population!!Two or more races,Percent!!RACE!!Total population!!Two or more races,Percent Margin of Error!!RACE!!Total population!!Two or more races,Estimate!!RACE!!Total population!!Two or more races!!White and Black or African American,Margin of Error!!RACE!!Total population!!Two or more races!!White and Black or African American,Percent!!RACE!!Total population!!Two or more races!!White and Black or African American,Percent Margin of Error!!RACE!!Total population!!Two or more races!!White and Black or African American,Estimate!!RACE!!Total population!!Two or more races!!White and American Indian and Alaska Native,Margin of Error!!RACE!!Total population!!Two or more races!!White and American Indian and Alaska Native,Percent!!RACE!!Total population!!Two or more races!!White and American Indian and Alaska Native,Percent Margin of Error!!RACE!!Total population!!Two or more races!!White and American Indian and Alaska Native,Estimate!!RACE!!Total population!!Two or more races!!White and Asian,Margin of Error!!RACE!!Total population!!Two or more races!!White and Asian,Percent!!RACE!!Total population!!Two or more races!!White and Asian,Percent Margin of Error!!RACE!!Total population!!Two or more races!!White and Asian,Estimate!!RACE!!Total population!!Two or more races!!Black or African American and American Indian and Alaska Native,Margin of Error!!RACE!!Total population!!Two or more races!!Black or African American and American Indian and Alaska Native,Percent!!RACE!!Total population!!Two or more races!!Black or African American and American Indian and Alaska Native,Percent Margin of Error!!RACE!!Total population!!Two or more races!!Black or African American and American Indian and Alaska Native,Estimate!!Race alone or in combination with one or more other races!!Total population,Margin of Error!!Race alone or in combination with one or more other races!!Total population,Percent!!Race alone or in combination with one or more other races!!Total population,Percent Margin of Error!!Race alone or in combination with one or more other races!!Total population,Estimate!!Race alone or in combination with one or more other races!!Total population!!White
0500000US01001,Autauga County ,55380,*****,55380,(X),26934,166,48.6,0.3,28446,166,51.4,0.3,94.7,1.1,(X),(X),3217,107,5.8,0.2,3814,352,6.9,0.6,3600,350,6.5,0.6,3812,211,6.9,0.4,3570,220,6.4,0.4,7056,202,12.7,0.4,7306,182,13.2,0.3,7736,117,14.0,0.2,4247,348,7.7,0.6,2739,357,4.9,0.6,4818,64,8.7,0.1,2581,182,4.7,0.3,884,176,1.6,0.3,38.2,0.6,(X),(X),13205,39,23.8,0.1,43953,259,79.4,0.5,42175,39,76.2,0.1,40134,302,72.5,0.5,9650,232,17.4,0.4,8283,85,15.0,0.2,42175,39,42175,(X),20164,51,47.8,0.1,22011,56,52.2,0.1,91.6,0.4,(X),(X),8283,85,8283,(X),3594,33,43.4,0.4,4689,71,56.6,0.4,76.6,1.2,(X),(X),55380,*****,55380,(X),54182,309,97.8,0.6,1198,309,2.2,0.6,54182,309,97.8,0.6,42527,258,76.8,0.5,10538,267,19.0,0.5,140,73,0.3,0.1,108,75,0.2,0.1,0,28,0.0,0.1,0,28,0.0,0.1,10,18,0.0,0.1,573,158,1.0,0.3,0,28,0.0,0.1,87,91,0.2,0.2,165,104,0.3,0.2,42,45,0.1,0.1,92,122,0.2,0.2,178,143,0.3,0.3,9,15,0.0,0.1,26,33,0.0,0.1,0,28,0.0,0.1,26,33,0.0,0.1,0,28,0.0,0.1,0,28,0.0,0.1,378,313,0.7,0.6,1198,309,2.2,0.6,464,250,0.8,0.5,292,73,0.5,0.1,264,151,0.5,0.3,16,22,0.0,0.1,55380,*****,55380,(X),43617
0500000US01003,Baldwin County ,212830,*****,212830,(X),103496,233,48.6,0.1,109334,233,51.4,0.1,94.7,0.4,(X),(X),11689,30,5.5,0.1,12058,831,5.7,0.4,14262,859,6.7,0.4,12831,285,6.0,0.1,10878,309,5.1,0.1,23942,323,11.2,0.2,25834,293,12.1,0.1,28412,315,13.3,0.1,15081,761,7.1,0.4,15312,752,7.2,0.4,25739,183,12.1,0.1,12744,585,6.0,0.3,4048,581,1.9,0.3,43.0,0.3,(X),(X),46235,*****,21.7,*****,172297,329,81.0,0.2,166595,*****,78.3,*****,159602,543,75.0,0.3,51912,673,24.4,0.3,42531,194,20.0,0.1,166595,*****,166595,(X),79948,*****,48.0,*****,86647,*****,52.0,*****,92.3,*****,(X),(X),42531,194,42531,(X),19735,170,46.4,0.2,22796,67,53.6,0.2,86.6,0.7,(X),(X),212830,*****,212830,(X),209241,645,98.3,0.3,3589,645,1.7,0.3,209241,645,98.3,0.3,183471,797,86.2,0.4,19718,451,9.3,0.2,1645,394,0.8,0.2,229,165,0.1,0.1,0,28,0.0,0.1,70,105,0.0,0.1,28,59,0.0,0.1,1969,275,0.9,0.1,505,384,0.2,0.2,619,336,0.3,0.2,177,95,0.1,0.1,276,223,0.1,0.1,148,152,0.1,0.1,109,115,0.1,0.1,135,169,0.1,0.1,9,15,0.0,0.1,0,28,0.0,0.1,9,15,0.0,0.1,0,28,0.0,0.1,0,28,0.0,0.1,2429,708,1.1,0.3,3589,645,1.7,0.3,552,237,0.3,0.1,1555,396,0.7,0.2,835,275,0.4,0.1,55,73,0.0,0.1,212830,*****,212830,(X),186940
0500000US01005,Barbour County ,25361,*****,25361,(X),13421,80,52.9,0.3,11940,80,47.1,0.3,112.4,1.4,(X),(X),1349,26,5.3,0.1,1622,171,6.4,0.7,1422,170,5.6,0.7,1412,44,5.6,0.2,1592,52,6.3,0.2,3642,87,14.4,0.3,3038,68,12.0,0.3,3310,87,13.1,0.3,1628,172,6.4,0.7,1636,167,6.5,0.7,2844,37,11.2,0.1,1461,100,5.8,0.4,405,100,1.6,0.4,40.4,0.5,(X),(X),5307,27,20.9,0.1,20636,101,81.4,0.4,20054,27,79.1,0.1,19089,139,75.3,0.5,5681,123,22.4,0.5,4710,38,18.6,0.1,20054,27,20054,(X),10760,40,53.7,0.2,9294,39,46.3,0.2,115.8,0.9,(X),(X),4710,38,4710,(X),2027,17,43.0,0.3,2683,28,57.0,0.3,75.5,0.8,(X),(X),25361,*****,25361,(X),25057,125,98.8,0.5,304,125,1.2,0.5,25057,125,98.8,0.5,11869,146,46.8,0.6,12066,153,47.6,0.6,82,42,0.3,0.2,6,13,0.0,0.1,0,22,0.0,0.1,8,13,0.0,0.1,0,22,0.0,0.1,134,33,0.5,0.1,65,60,0.3,0.2,0,22,0.0,0.1,0,22,0.0,0.1,8,13,0.0,0.1,20,32,0.1,0.1,17,23,0.1,0.1,24,47,0.1,0.2,1,3,0.0,0.1,1,3,0.0,0.1,0,22,0.0,0.1,0,22,0.0,0.1,0,22,0.0,0.1,905,178,3.6,0.7,304,125,1.2,0.5,25,27,0.1,0.1,62,41,0.2,0.2,12,20,0.0,0.1,77,82,0.3,0.3,25361,*****,25361,(X),12075
0500000US01007,Bibb County ,22493,*****,22493,(X),12150,193,54.0,0.9,10343,193,46.0,0.9,117.5,4.1,(X),(X),1315,170,5.8,0.8,1219,270,5.4,1.2,1132,263,5.0,1.2,1400,129,6.2,0.6,1259,196,5.6,0.9,3276,304,14.6,1.4,2910,228,12.9,1.0,3519,231,15.6,1.0,1415,267,6.3,1.2,1464,245,6.5,1.1,2098,87,9.3,0.4,1044,159,4.6,0.7,442,156,2.0,0.7,40.9,1.3,(X),(X),4631,38,20.6,0.2,18492,140,82.2,0.6,17862,38,79.4,0.2,17224,141,76.6,0.6,4465,224,19.9,1.0,3584,61,15.9,0.3,17862,38,17862,(X),9547,128,53.4,0.7,8315,121,46.6,0.7,114.8,3.2,(X),(X),3584,61,3584,(X),1596,42,44.5,0.6,1988,31,55.5,0.6,80.3,2.0,(X),(X),22493,*****,22493,(X),22352,87,99.4,0.4,141,87,0.6,0.4,22352,87,99.4,0.4,17272,75,76.8,0.3,5014,116,22.3,0.5,30,60,0.1,0.3,21,57,0.1,0.3,0,22,0.0,0.1,0,22,0.0,0.1,0,22,0.0,0.1,27,45,0.1,0.2,27,45,0.1,0.2,0,22,0.0,0.1,0,22,0.0,0.1,0,22,0.0,0.1,0,22,0.0,0.1,0,22,0.0,0.1,0,22,0.0,0.1,0,22,0.0,0.1,0,22,0.0,0.1,0,22,0.0,0.1,0,22,0.0,0.1,0,22,0.0,0.1,9,18,0.0,0.1,141,87,0.6,0.4,80,66,0.4,0.3,47,55,0.2,0.2,6,9,0.0,0.1,0,22,0.0,0.1,22493,*****,22493,(X),17405
0500000US01009,Blount County ,57681,*****,57681,(X),28495,142,49.4,0.2,29186,142,50.6,0.2,97.6,1.0,(X),(X),3432,71,5.9,0.1,3590,329,6.2,0.6,4034,332,7.0,0.6,3622,150,6.3,0.3,3212,136,5.6,0.2,6839,196,11.9,0.3,7263,232,12.6,0.4,7699,178,13.3,0.3,3855,319,6.7,0.6,3809,323,6.6,0.6,6111,93,10.6,0.2,3160,193,5.5,0.3,1055,185,1.8,0.3,40.7,0.3,(X),(X),13389,56,23.2,0.1,45907,152,79.6,0.3,44292,56,76.8,0.1,42390,245,73.5,0.4,12507,248,21.7,0.4,10326,108,17.9,0.2,44292,56,44292,(X),21668,65,48.9,0.1,22624,60,51.1,0.1,95.8,0.5,(X),(X),10326,108,10326,(X),4609,70,44.6,0.5,5717,85,55.4,0.5,80.6,1.7,(X),(X),57681,*****,57681,(X),56765,162,98.4,0.3,916,162,1.6,0.3,56765,162,98.4,0.3,55062,373,95.5,0.6,928,154,1.6,0.3,46,41,0.1,0.1,26,26,0.0,0.1,0,28,0.0,0.1,0,28,0.0,0.1,0,28,0.0,0.1,212,25,0.4,0.1,43,53,0.1,0.1,57,47,0.1,0.1,48,40,0.1,0.1,11,18,0.0,0.1,31,39,0.1,0.1,0,28,0.0,0.1,22,44,0.0,0.1,25,40,0.0,0.1,0,28,0.0,0.1,25,40,0.0,0.1,0,28,0.0,0.1,0,28,0.0,0.1,492,355,0.9,0.6,916,162,1.6,0.3,179,127,0.3,0.2,619,110,1.1,0.2,26,25,0.0,0.1,0,28,0.0,0.1,57681,*****,57681,(X),55969
0500000US01011,Bullock County ,10248,*****,10248,(X),5571,82,54.4,0.8,4677,82,45.6,0.8,119.1,3.8,(X),(X),542,4,5.3,0.1,638,189,6.2,1.8,554,200,5.4,2.0,814,242,7.9,2.4,599,234,5.8,2.3,1271,328,12.4,3.2,1384,268,13.5,2.6,1361,280,13.3,2.7,675,238,6.6,2.3,770,238,7.5,2.3,1020,112,10.0,1.1,449,130,4.4,1.3,171,74,1.7,0.7,40.2,2.3,(X),(X),2128,*****,20.8,*****,8375,89,81.7,0.9,8120,*****,79.2,*****,7673,233,74.9,2.3,2007,172,19.6,1.7,1640,*****,16.0,*****,8120,*****,8120,(X),4480,*****,55.2,*****,3640,*****,44.8,*****,123.1,*****,(X),(X),1640,*****,1640,(X),703,*****,42.9,*****,937,*****,57.1,*****,75.0,*****,(X),(X),10248,*****,10248,(X),10170,101,99.2,1.0,78,101,0.8,1.0,10170,101,99.2,1.0,2244,53,21.9,0.5,7666,328,74.8,3.2,0,19,0.0,0.3,0,19,0.0,0.3,0,19,0.0,0.3,0,19,0.0,0.3,0,19,0.0,0.3,50,66,0.5,0.6,0,19,0.0,0.3,41,64,0.4,0.6,0,19,0.0,0.3,0,19,0.0,0.3,9,17,0.1,0.2,0,19,0.0,0.3,0,19,0.0,0.3,0,19,0.0,0.3,0,19,0.0,0.3,0,19,0.0,0.3,0,19,0.0,0.3,0,19,0.0,0.3,210,309,2.0,3.0,78,101,0.8,1.0,0,19,0.0,0.3,0,19,0.0,0.3,0,19,0.0,0.3,0,19,0.0,0.3,10248,*****,10248,(X),2244
0500000US01013,Butler County ,19828,*****,19828,(X),9081,122,45.8,0.6,10747,122,54.2,0.6,84.5,2.1,(X),(X),1149,37,5.8,0.2,1292,155,6.5,0.8,1203,162,6.1,0.8,1272,136,6.4,0.7,1093,131,5.5,0.7,2339,62,11.8,0.3,2529,74,12.8,0.4,2227,61,11.2,0.3,1416,168,7.1,0.8,1408,171,7.1,0.9,2288,50,11.5,0.3,1087,143,5.5,0.7,525,137,2.6,0.7,40.8,0.7,(X),(X),4455,104,22.5,0.5,15853,127,80.0,0.6,15373,104,77.5,0.5,14637,172,73.8,0.9,4702,145,23.7,0.7,3900,32,19.7,0.2,15373,104,15373,(X),6876,60,44.7,0.3,8497,82,55.3,0.3,80.9,1.0,(X),(X),3900,32,3900,(X),1596,16,40.9,0.4,2304,27,59.1,0.4,69.3,1.0,(X),(X),19828,*****,19828,(X),19403,143,97.9,0.7,425,143,2.1,0.7,19403,143,97.9,0.7,10280,58,51.8,0.3,9001,154,45.4,0.8,11,11,0.1,0.1,1,2,0.0,0.1,0,19,0.0,0.2,0,19,0.0,0.2,0,19,0.0,0.2,69,59,0.3,0.3,20,35,0.1,0.2,0,19,0.0,0.2,19,32,0.1,0.2,0,19,0.0,0.2,30,36,0.2,0.2,0,19,0.0,0.2,0,19,0.0,0.2,0,19,0.0,0.2,0,19,0.0,0.2,0,19,0.0,0.2,0,19,0.0,0.2,0,19,0.0,0.2,42,51,0.2,0.3,425,143,2.1,0.7,201,104,1.0,0.5,114,11,0.6,0.1,17,30,0.1,0.2,2,10,0.0,0.1,19828,*****,19828,(X),10690
0500000US01015,Calhoun County ,114618,*****,114618,(X),55141,178,48.1,0.2,59477,178,51.9,0.2,92.7,0.6,(X),(X),6608,73,5.8,0.1,6619,444,5.8,0.4,7149,441,6.2,0.4,7747,128,6.8,0.1,7387,125,6.4,0.1,15129,246,13.2,0.2,13694,152,11.9,0.1,14594,175,12.7,0.2,8016,488,7.0,0.4,7937,483,6.9,0.4,11727,99,10.2,0.1,5951,289,5.2,0.3,2060,271,1.8,0.2,39.6,0.3,(X),(X),24952,59,21.8,0.1,92886,256,81.0,0.2,89666,59,78.2,0.1,85065,261,74.2,0.2,24292,406,21.2,0.4,19738,101,17.2,0.1,89666,59,89666,(X),42341,118,47.2,0.1,47325,96,52.8,0.1,89.5,0.4,(X),(X),19738,101,19738,(X),8372,85,42.4,0.4,11366,95,57.6,0.4,73.7,1.1,(X),(X),114618,*****,114618,(X),111878,475,97.6,0.4,2740,475,2.4,0.4,111878,475,97.6,0.4,84439,543,73.7,0.5,23830,426,20.8,0.4,379,236,0.3,0.2,131,97,0.1,0.1,0,28,0.0,0.1,0,28,0.0,0.1,0,28,0.0,0.1,1014,163,0.9,0.1,150,181,0.1,0.2,115,102,0.1,0.1,94,84,0.1,0.1,29,40,0.0,0.1,230,124,0.2,0.1,222,195,0.2,0.2,174,177,0.2,0.2,14,21,0.0,0.1,14,21,0.0,0.1,0,28,0.0,0.1,0,28,0.0,0.1,0,28,0.0,0.1,2202,500,1.9,0.4,2740,475,2.4,0.4,1034,357,0.9,0.3,759,114,0.7,0.1,289,128,0.3,0.1,77,50,0.1,0.1,114618,*****,114618,(X),86870
0500000US01017,Chambers County ,33660,*****,33660,(X),16089,111,47.8,0.3,17571,111,52.2,0.3,91.6,1.2,(X),(X),2043,51,6.1,0.2,1795,213,5.3,0.6,2026,235,6.0,0.7,1816,95,5.4,0.3,2191,136,6.5,0.4,4128,102,12.3,0.3,3836,78,11.4,0.2,4551,75,13.5,0.2,2630,268,7.8,0.8,2174,280,6.5,0.8,3958,62,11.8,0.2,1859,178,5.5,0.5,653,170,1.9,0.5,42.0,0.7,(X),(X),7065,71,21.0,0.2,27403,106,81.4,0.3,26595,71,79.0,0.2,25505,173,75.8,0.5,7788,247,23.1,0.7,6470,57,19.2,0.2,26595,71,26595,(X),12577,104,47.3,0.3,14018,78,52.7,0.3,89.7,1.2,(X),(X),6470,57,6470,(X),2771,54,42.8,0.6,3699,38,57.2,0.6,74.9,1.8,(X),(X),33660,*****,33660,(X),33318,190,99.0,0.6,342,190,1.0,0.6,33318,190,99.0,0.6,19423,101,57.7,0.3,13316,167,39.6,0.5,112,50,0.3,0.1,39,44,0.1,0.1,14,19,0.0,0.1,0,25,0.0,0.1,0,25,0.0,0.1,376,55,1.1,0.2,56,97,0.2,0.3,37,59,0.1,0.2,26,34,0.1,0.1,1,2,0.0,0.1,246,103,0.7,0.3,0,25,0.0,0.1,10,16,0.0,0.1,0,25,0.0,0.1,0,25,0.0,0.1,0,25,0.0,0.1,0,25,0.0,0.1,0,25,0.0,0.1,91,110,0.3,0.3,342,190,1.0,0.6,224,165,0.7,0.5,67,50,0.2,0.1,51,55,0.2,0.2,0,25,0.0,0.1,33660,*****,33660,(X),19765
0500000US01019,Cherokee County ,25903,*****,25903,(X),12777,131,49.3,0.5,13126,131,50.7,0.5,97.3,2.0,(X),(X),1187,73,4.6,0.3,1454,219,5.6,0.8,1489,198,5.7,0.8,1598,153,6.2,0.6,1301,96,5.0,0.4,2495,59,9.6,0.2,2871,113,11.1,0.4,3688,149,14.2,0.6,2019,220,7.8,0.8,1990,197,7.7,0.8,3511,72,13.6,0.3,1787,185,6.9,0.7,513,159,2.0,0.6,46.5,0.5,(X),(X),5245,154,20.2,0.6,21390,136,82.6,0.5,20658,154,79.8,0.6,19885,210,76.8,0.8,7002,190,27.0,0.7,5811,71,22.4,0.3,20658,154,20658,(X),10163,122,49.2,0.4,10495,97,50.8,0.4,96.8,1.5,(X),(X),5811,71,5811,(X),2700,56,46.5,0.6,3111,41,53.5,0.6,86.8,2.1,(X),(X),25903,*****,25903,(X),25678,150,99.1,0.6,225,150,0.9,0.6,25678,150,99.1,0.6,24052,87,92.9,0.3,1191,112,4.6,0.4,280,121,1.1,0.5,224,170,0.9,0.7,0,22,0.0,0.1,0,22,0.0,0.1,0,22,0.0,0.1,64,68,0.2,0.3,0,22,0.0,0.1,29,48,0.1,0.2,25,41,0.1,0.2,0,22,0.0,0.1,0,22,0.0,0.1,10,18,0.0,0.1,0,22,0.0,0.1,0,22,0.0,0.1,0,22,0.0,0.1,0,22,0.0,0.1,0,22,0.0,0.1,0,22,0.0,0.1,91,77,0.4,0.3,225,150,0.9,0.6,118,87,0.5,0.3,75,121,0.3,0.5,3,6,0.0,0.1,0,22,0.0,0.1,25903,*****,25903,(X),24248
0500000US01021,Chilton County ,44055,*****,44055,(X),21459,253,48.7,0.6,22596,253,51.3,0.6,95.0,2.2,(X),(X),2759,237,6.3,0.5,3225,353,7.3,0.8,2657,306,6.0,0.7,2894,155,6.6,0.4,2474,188,5.6,0.4,5782,268,13.1,0.6,5874,225,13.3,0.5,5582,237,12.7,0.5,2948,315,6.7,0.7,2808,316,6.4,0.7,4152,82,9.4,0.2,2288,177,5.2,0.4,612,153,1.4,0.3,38.7,0.7,(X),(X),10635,42,24.1,0.1,34827,173,79.1,0.4,33420,42,75.9,0.1,31717,281,72.0,0.6,8375,251,19.0,0.6,7052,56,16.0,0.1,33420,42,33420,(X),16196,64,48.5,0.2,17224,73,51.5,0.2,94.0,0.7,(X),(X),7052,56,7052,(X),3203,56,45.4,0.4,3849,25,54.6,0.4,83.2,1.5,(X),(X),44055,*****,44055,(X),42962,333,97.5,0.8,1093,333,2.5,0.8,42962,333,97.5,0.8,36835,691,83.6,1.6,4041,308,9.2,0.7,361,318,0.8,0.7,32,21,0.1,0.1,0,25,0.0,0.1,0,25,0.0,0.1,0,25,0.0,0.1,195,69,0.4,0.2,0,25,0.0,0.1,0,25,0.0,0.1,122,135,0.3,0.3,0,25,0.0,0.1,9,17,0.0,0.1,60,99,0.1,0.2,4,8,0.0,0.1,0,25,0.0,0.1,0,25,0.0,0.1,0,25,0.0,0.1,0,25,0.0,0.1,0,25,0.0,0.1,1530,656,3.5,1.5,1093,333,2.5,0.8,501,311,1.1,0.7,291,57,0.7,0.1,12,28,0.0,0.1,93,106,0.2,0.2,44055,*****,44055,(X),37765
0500000US01023,Choctaw County ,12925,*****,12925,(X),6145,81,47.5,0.6,6780,81,52.5,0.6,90.6,2.3,(X),(X),679,*****,5.3,*****,628,118,4.9,0.9,799,118,6.2,0.9,844,115,6.5,0.9,646,137,5.0,1.1,1276,83,9.9,0.6,1419,*****,11.0,*****,1739,*****,13.5,*****,1017,135,7.9,1.0,956,135,7.4,1.0,1660,*****,12.8,*****,960,105,7.4,0.8,302,105,2.3,0.8,46.3,0.3,(X),(X),2603,*****,20.1,*****,10685,80,82.7,0.6,10322,*****,79.9,*****,9808,102,75.9,0.8,3588,128,27.8,1.0,2922,*****,22.6,*****,10322,*****,10322,(X),4780,*****,46.3,*****,5542,*****,53.7,*****,86.3,*****,(X),(X),2922,*****,2922,(X),1275,*****,43.6,*****,1647,*****,56.4,*****,77.4,*****,(X),(X),12925,*****,12925,(X),12874,42,99.6,0.3,51,42,0.4,0.3,12874,42,99.6,0.3,7337,56,56.8,0.4,5500,73,42.6,0.6,8,9,0.1,0.1,5,7,0.0,0.1,0,19,0.0,0.3,0,19,0.0,0.3,0,19,0.0,0.3,17,17,0.1,0.1,5,10,0.0,0.1,0,19,0.0,0.3,12,18,0.1,0.1,0,19,0.0,0.3,0,19,0.0,0.3,0,19,0.0,0.3,0,19,0.0,0.3,0,19,0.0,0.3,0,19,0.0,0.3,0,19,0.0,0.3,0,19,0.0,0.3,0,19,0.0,0.3,12,21,0.1,0.2,51,42,0.4,0.3,9,15,0.1,0.1,16,20,0.1,0.2,4,6,0.0,0.1,15,22,0.1,0.2,12925,*****,12925,(X),7366
0500000US01025,Clarke County ,24128,*****,24128,(X),11403,37,47.3,0.2,12725,37,52.7,0.2,89.6,0.5,(X),(X),1377,2,5.7,0.1,1320,161,5.5,0.7,1573,161,6.5,0.7,1584,66,6.6,0.3,1504,66,6.2,0.3,2611,17,10.8,0.1,2849,41,11.8,0.2,3220,18,13.3,0.1,1826,186,7.6,0.8,1585,187,6.6,0.8,2583,8,10.7,0.1,1524,141,6.3,0.6,572,141,2.4,0.6,42.5,0.8,(X),(X),5287,27,21.9,0.1,19548,80,81.0,0.3,18841,27,78.1,0.1,18010,142,74.6,0.6,5618,173,23.3,0.7,4679,8,19.4,0.1,18841,27,18841,(X),8757,41,46.5,0.2,10084,27,53.5,0.2,86.8,0.6,(X),(X),4679,8,4679,(X),2047,7,43.7,0.1,2632,5,56.3,0.1,77.8,0.3,(X),(X),24128,*****,24128,(X),23955,104,99.3,0.4,173,104,0.7,0.4,23955,104,99.3,0.4,12781,55,53.0,0.2,11044,122,45.8,0.5,26,28,0.1,0.1,5,7,0.0,0.1,0,22,0.0,0.1,0,22,0.0,0.1,0,22,0.0,0.1,104,26,0.4,0.1,33,45,0.1,0.2,11,18,0.0,0.1,36,35,0.1,0.1,0,22,0.0,0.1,0,22,0.0,0.1,21,33,0.1,0.1,3,6,0.0,0.1,0,22,0.0,0.1,0,22,0.0,0.1,0,22,0.0,0.1,0,22,0.0,0.1,0,22,0.0,0.1,0,22,0.0,0.1,173,104,0.7,0.4,109,106,0.5,0.4,45,44,0.2,0.2,19,26,0.1,0.1,0,22,0.0,0.1,24128,*****,24128,(X),12954
0500000US01027,Clay County ,13337,*****,13337,(X),6438,107,48.3,0.8,6899,107,51.7,0.8,93.3,3.0,(X),(X),680,24,5.1,0.2,677,147,5.1,1.1,970,150,7.3,1.1,856,184,6.4,1.4,695,204,5.2,1.5,1503,96,11.3,0.7,1544,51,11.6,0.4,1746,73,13.1,0.5,1115,160,8.4,1.2,853,155,6.4,1.2,1539,63,11.5,0.5,873,108,6.5,0.8,286,98,2.1,0.7,43.3,0.8,(X),(X),2778,60,20.8,0.4,10841,109,81.3,0.8,10559,60,79.2,0.4,9927,161,74.4,1.2,3297,156,24.7,1.2,2698,16,20.2,0.1,10559,60,10559,(X),5018,60,47.5,0.6,5541,76,52.5,0.6,90.6,2.1,(X),(X),2698,16,2698,(X),1208,16,44.8,0.3,1490,19,55.2,0.3,81.1,1.0,(X),(X),13337,*****,13337,(X),13243,67,99.3,0.5,94,67,0.7,0.5,13243,67,99.3,0.5,11092,69,83.2,0.5,2075,76,15.6,0.6,37,64,0.3,0.5,0,19,0.0,0.2,0,19,0.0,0.2,0,19,0.0,0.2,0,19,0.0,0.2,21,27,0.2,0.2,0,19,0.0,0.2,14,21,0.1,0.2,7,15,0.1,0.1,0,19,0.0,0.2,0,19,0.0,0.2,0,19,0.0,0.2,0,19,0.0,0.2,0,19,0.0,0.2,0,19,0.0,0.2,0,19,0.0,0.2,0,19,0.0,0.2,0,19,0.0,0.2,18,24,0.1,0.2,94,67,0.7,0.5,82,66,0.6,0.5,9,15,0.1,0.1,0,19,0.0,0.2,3,7,0.0,0.1,13337,*****,13337,(X),11183
0500000US01029,Cleburne County ,14916,*****,14916,(X),7309,122,49.0,0.8,7607,122,51.0,0.8,96.1,3.2,(X),(X),849,32,5.7,0.2,1116,146,7.5,1.0,834,143,5.6,1.0,876,31,5.9,0.2,760,26,5.1,0.2,1757,68,11.8,0.5,1729,71,11.6,0.5,2132,101,14.3,0.7,991,120,6.6,0.8,973,121,6.5,0.8,1696,72,11.4,0.5,752,105,5.0,0.7,451,110,3.0,0.7,43.1,0.8,(X),(X),3383,99,22.7,0.7,11942,119,80.1,0.8,11533,99,77.3,0.7,11149,115,74.7,0.8,3500,167,23.5,1.1,2899,89,19.4,0.6,11533,99,11533,(X),5598,129,48.5,0.8,5935,73,51.5,0.8,94.3,3.1,(X),(X),2899,89,2899,(X),1313,69,45.3,1.7,1586,64,54.7,1.7,82.8,5.8,(X),(X),14916,*****,14916,(X),14625,108,98.0,0.7,291,108,2.0,0.7,14625,108,98.0,0.7,14000,111,93.9,0.7,410,105,2.7,0.7,14,20,0.1,0.1,4,10,0.0,0.1,0,19,0.0,0.2,0,19,0.0,0.2,0,19,0.0,0.2,3,9,0.0,0.1,0,19,0.0,0.2,0,19,0.0,0.2,0,19,0.0,0.2,0,19,0.0,0.2,0,19,0.0,0.2,3,9,0.0,0.1,0,19,0.0,0.2,0,19,0.0,0.2,0,19,0.0,0.2,0,19,0.0,0.2,0,19,0.0,0.2,0,19,0.0,0.2,198,112,1.3,0.8,291,108,2.0,0.7,176,103,1.2,0.7,69,78,0.5,0.5,23,34,0.2,0.2,15,23,0.1,0.2,14916,*****,14916,(X),14276
0500000US01031,Coffee County ,51662,*****,51662,(X),25479,59,49.3,0.1,26183,59,50.7,0.1,97.3,0.4,(X),(X),3207,50,6.2,0.1,3306,289,6.4,0.6,3634,295,7.0,0.6,3226,120,6.2,0.2,2996,104,5.8,0.2,6609,153,12.8,0.3,6679,125,12.9,0.2,6900,65,13.4,0.1,3613,228,7.0,0.4,2942,227,5.7,0.4,4976,65,9.6,0.1,2683,136,5.2,0.3,891,125,1.7,0.2,39.3,0.3,(X),(X),12259,*****,23.7,*****,40755,111,78.9,0.2,39403,*****,76.3,*****,37733,166,73.0,0.3,10140,181,19.6,0.3,8550,59,16.5,0.1,39403,*****,39403,(X),19168,50,48.6,0.1,20235,49,51.4,0.1,94.7,0.5,(X),(X),8550,59,8550,(X),3756,5,43.9,0.3,4794,59,56.1,0.3,78.3,1.0,(X),(X),51662,*****,51662,(X),49932,347,96.7,0.7,1730,347,3.3,0.7,49932,347,96.7,0.7,39118,373,75.7,0.7,8733,260,16.9,0.5,640,110,1.2,0.2,108,66,0.2,0.1,0,28,0.0,0.1,0,28,0.0,0.1,0,28,0.0,0.1,745,138,1.4,0.3,20,23,0.0,0.1,374,226,0.7,0.4,79,70,0.2,0.1,12,14,0.0,0.1,216,108,0.4,0.2,15,14,0.0,0.1,29,35,0.1,0.1,0,28,0.0,0.1,0,28,0.0,0.1,0,28,0.0,0.1,0,28,0.0,0.1,0,28,0.0,0.1,696,350,1.3,0.7,1730,347,3.3,0.7,564,228,1.1,0.4,499,189,1.0,0.4,314,132,0.6,0.3,232,158,0.4,0.3,51662,*****,51662,(X),40603
0500000US01033,Colbert County ,54771,*****,54771,(X),26284,181,48.0,0.3,28487,181,52.0,0.3,92.3,1.2,(X),(X),3139,65,5.7,0.1,3294,323,6.0,0.6,3085,314,5.6,0.6,3108,118,5.7,0.2,3186,110,5.8,0.2,6588,157,12.0,0.3,6602,165,12.1,0.3,7339,138,13.4,0.3,3782,321,6.9,0.6,4004,286,7.3,0.5,6055,56,11.1,0.1,3389,170,6.2,0.3,1200,167,2.2,0.3,42.4,0.4,(X),(X),11553,127,21.1,0.2,44515,209,81.3,0.4,43218,127,78.9,0.2,41612,197,76.0,0.4,13128,276,24.0,0.5,10644,69,19.4,0.1,43218,127,43218,(X),20353,81,47.1,0.2,22865,136,52.9,0.2,89.0,0.7,(X),(X),10644,69,10644,(X),4546,45,42.7,0.4,6098,62,57.3,0.4,74.5,1.2,(X),(X),54771,*****,54771,(X),53656,296,98.0,0.5,1115,296,2.0,0.5,53656,296,98.0,0.5,43289,205,79.0,0.4,8872,235,16.2,0.4,319,147,0.6,0.3,198,122,0.4,0.2,0,28,0.0,0.1,0,28,0.0,0.1,0,28,0.0,0.1,259,51,0.5,0.1,97,71,0.2,0.1,8,13,0.0,0.1,43,36,0.1,0.1,29,27,0.1,0.1,33,35,0.1,0.1,17,21,0.0,0.1,32,30,0.1,0.1,51,44,0.1,0.1,38,40,0.1,0.1,13,22,0.0,0.1,0,28,0.0,0.1,0,28,0.0,0.1,866,230,1.6,0.4,1115,296,2.0,0.5,363,222,0.7,0.4,288,133,0.5,0.2,135,51,0.2,0.1,23,29,0.0,0.1,54771,*****,54771,(X),44359
0500000US01035,Conecuh County ,12394,*****,12394,(X),6078,208,49.0,1.7,6316,208,51.0,1.7,96.2,6.5,(X),(X),700,*****,5.6,*****,796,210,6.4,1.7,648,211,5.2,1.7,865,154,7.0,1.2,552,151,4.5,1.2,1340,240,10.8,1.9,1316,137,10.6,1.1,1537,*****,12.4,*****,799,165,6.4,1.3,1095,165,8.8,1.3,1708,22,13.8,0.2,724,103,5.8,0.8,314,103,2.5,0.8,44.8,0.3,(X),(X),2604,*****,21.0,*****,10094,79,81.4,0.6,9790,*****,79.0,*****,9238,142,74.5,1.1,3394,173,27.4,1.4,2746,*****,22.2,*****,9790,*****,9790,(X),4644,*****,47.4,*****,5146,*****,52.6,*****,90.2,*****,(X),(X),2746,*****,2746,(X),1251,*****,45.6,*****,1495,*****,54.4,*****,83.7,*****,(X),(X),12394,*****,12394,(X),12289,100,99.2,0.8,105,100,0.8,0.8,12289,100,99.2,0.8,6287,122,50.7,1.0,5919,171,47.8,1.4,25,38,0.2,0.3,25,38,0.2,0.3,0,19,0.0,0.3,0,19,0.0,0.3,0,19,0.0,0.3,56,45,0.5,0.4,0,19,0.0,0.3,0,19,0.0,0.3,56,45,0.5,0.4,0,19,0.0,0.3,0,19,0.0,0.3,0,19,0.0,0.3,0,19,0.0,0.3,0,19,0.0,0.3,0,19,0.0,0.3,0,19,0.0,0.3,0,19,0.0,0.3,0,19,0.0,0.3,2,4,0.0,0.1,105,100,0.8,0.8,4,7,0.0,0.1,15,23,0.1,0.2,86,95,0.7,0.8,0,19,0.0,0.3,12394,*****,12394,(X),6392
0500000US01037,Coosa County ,10757,*****,10757,(X),5462,105,50.8,1.0,5295,105,49.2,1.0,103.2,4.0,(X),(X),364,71,3.4,0.7,440,148,4.1,1.4,665,139,6.2,1.3,573,95,5.3,0.9,456,128,4.2,1.2,1089,162,10.1,1.5,1289,146,12.0,1.4,1550,71,14.4,0.7,1145,145,10.6,1.3,756,145,7.0,1.3,1373,77,12.8,0.7,814,101,7.6,0.9,243,98,2.3,0.9,48.4,1.0,(X),(X),1801,*****,16.7,*****,9140,81,85.0,0.7,8956,*****,83.3,*****,8562,113,79.6,1.0,2824,134,26.3,1.2,2430,*****,22.6,*****,8956,*****,8956,(X),4478,*****,50.0,*****,4478,*****,50.0,*****,100.0,*****,(X),(X),2430,*****,2430,(X),1133,*****,46.6,*****,1297,*****,53.4,*****,87.4,*****,(X),(X),10757,*****,10757,(X),10757,19,100.0,0.3,0,19,0.0,0.3,10757,19,100.0,0.3,7078,131,65.8,1.2,3615,98,33.6,0.9,9,12,0.1,0.1,8,12,0.1,0.1,0,19,0.0,0.3,0,19,0.0,0.3,1,3,0.0,0.1,0,19,0.0,0.3,0,19,0.0,0.3,0,19,0.0,0.3,0,19,0.0,0.3,0,19,0.0,0.3,0,19,0.0,0.3,0,19,0.0,0.3,0,19,0.0,0.3,0,19,0.0,0.3,0,19,0.0,0.3,0,19,0.0,0.3,0,19,0.0,0.3,0,19,0.0,0.3,55,84,0.5,0.8,0,19,0.0,0.3,0,19,0.0,0.3,0,19,0.0,0.3,0,19,0.0,0.3,0,19,0.0,0.3,10757,*****,10757,(X),7078
0500000US01039,Covington County ,37200,*****,37200,(X),17986,64,48.3,0.2,19214,64,51.7,0.2,93.6,0.6,(X),(X),2165,32,5.8,0.1,2426,198,6.5,0.5,2141,198,5.8,0.5,2143,85,5.8,0.2,2001,80,5.4,0.2,4363,97,11.7,0.3,4053,81,10.9,0.2,4754,68,12.8,0.2,2618,235,7.0,0.6,2810,229,7.6,0.6,4269,50,11.5,0.1,2628,129,7.1,0.3,829,136,2.2,0.4,43.3,0.5,(X),(X),8163,37,21.9,0.1,29973,110,80.6,0.3,29037,37,78.1,0.1,27870,141,74.9,0.4,9647,203,25.9,0.5,7726,57,20.8,0.2,29037,37,29037,(X),13774,40,47.4,0.1,15263,39,52.6,0.1,90.2,0.4,(X),(X),7726,57,7726,(X),3350,29,43.4,0.2,4376,33,56.6,0.2,76.6,0.5,(X),(X),37200,*****,37200,(X),36784,105,98.9,0.3,416,105,1.1,0.3,36784,105,98.9,0.3,31460,102,84.6,0.3,5018,114,13.5,0.3,22,22,0.1,0.1,8,12,0.0,0.1,0,25,0.0,0.1,0,25,0.0,0.1,0,25,0.0,0.1,184,78,0.5,0.2,0,25,0.0,0.1,33,45,0.1,0.1,13,19,0.0,0.1,63,52,0.2,0.1,0,25,0.0,0.1,0,25,0.0,0.1,75,79,0.2,0.2,34,41,0.1,0.1,0,25,0.0,0.1,0,25,0.0,0.1,0,25,0.0,0.1,34,41,0.1,0.1,66,81,0.2,0.2,416,105,1.1,0.3,202,85,0.5,0.2,131,62,0.4,0.2,65,44,0.2,0.1,6,10,0.0,0.1,37200,*****,37200,(X),31858
0500000US01041,Crenshaw County ,13844,*****,13844,(X),6748,48,48.7,0.3,7096,48,51.3,0.3,95.1,1.3,(X),(X),788,2,5.7,0.1,852,110,6.2,0.8,915,108,6.6,0.8,831,58,6.0,0.4,768,103,5.5,0.7,1670,152,12.1,1.1,1577,91,11.4,0.7,1798,66,13.0,0.5,994,113,7.2,0.8,1042,95,7.5,0.7,1591,41,11.5,0.3,749,96,5.4,0.7,269,95,1.9,0.7,41.7,0.8,(X),(X),3106,25,22.4,0.2,11114,60,80.3,0.4,10738,25,77.6,0.2,10338,90,74.7,0.6,3313,97,23.9,0.7,2609,42,18.8,0.3,10738,25,10738,(X),5126,36,47.7,0.3,5612,42,52.3,0.3,91.3,1.3,(X),(X),2609,42,2609,(X),1128,21,43.2,0.3,1481,24,56.8,0.3,76.2,0.9,(X),(X),13844,*****,13844,(X),13410,192,96.9,1.4,434,192,3.1,1.4,13410,192,96.9,1.4,9879,32,71.4,0.2,3228,200,23.3,1.4,97,36,0.7,0.3,3,4,0.0,0.1,0,19,0.0,0.2,0,19,0.0,0.2,0,19,0.0,0.2,175,11,1.3,0.1,59,56,0.4,0.4,0,19,0.0,0.2,0,19,0.0,0.2,0,19,0.0,0.2,116,57,0.8,0.4,0,19,0.0,0.2,0,19,0.0,0.2,9,14,0.1,0.1,0,19,0.0,0.2,9,14,0.1,0.1,0,19,0.0,0.2,0,19,0.0,0.2,22,30,0.2,0.2,434,192,3.1,1.4,337,187,2.4,1.4,53,35,0.4,0.3,6,11,0.0,0.1,20,23,0.1,0.2,13844,*****,13844,(X),10275
0500000US01043,Cullman County ,82853,*****,82853,(X),40759,236,49.2,0.3,42094,236,50.8,0.3,96.8,1.1,(X),(X),5115,86,6.2,0.1,4657,342,5.6,0.4,5673,352,6.8,0.4,4985,132,6.0,0.2,4697,104,5.7,0.1,10328,174,12.5,0.2,10141,147,12.2,0.2,10960,118,13.2,0.1,5673,487,6.8,0.6,5508,472,6.6,0.6,8961,98,10.8,0.1,4949,214,6.0,0.3,1206,212,1.5,0.3,40.8,0.3,(X),(X),18705,122,22.6,0.1,66350,257,80.1,0.3,64148,122,77.4,0.1,61182,290,73.8,0.4,18129,353,21.9,0.4,15116,105,18.2,0.1,64148,122,64148,(X),31365,165,48.9,0.2,32783,113,51.1,0.2,95.7,0.8,(X),(X),15116,105,15116,(X),6740,65,44.6,0.3,8376,81,55.4,0.3,80.5,1.1,(X),(X),82853,*****,82853,(X),81172,301,98.0,0.4,1681,301,2.0,0.4,81172,301,98.0,0.4,78804,450,95.1,0.5,1073,132,1.3,0.2,234,152,0.3,0.2,183,137,0.2,0.2,0,28,0.0,0.1,0,28,0.0,0.1,0,28,0.0,0.1,314,156,0.4,0.2,38,43,0.0,0.1,31,57,0.0,0.1,98,76,0.1,0.1,105,104,0.1,0.1,42,54,0.1,0.1,0,28,0.0,0.1,0,28,0.0,0.1,0,28,0.0,0.1,0,28,0.0,0.1,0,28,0.0,0.1,0,28,0.0,0.1,0,28,0.0,0.1,747,407,0.9,0.5,1681,301,2.0,0.4,294,126,0.4,0.2,805,169,1.0,0.2,239,155,0.3,0.2,6,10,0.0,0.1,82853,*****,82853,(X),80381
0500000US01045,Dale County ,49277,*****,49277,(X),24301,91,49.3,0.2,24976,91,50.7,0.2,97.3,0.7,(X),(X),3231,37,6.6,0.1,3313,245,6.7,0.5,2944,240,6.0,0.5,2985,99,6.1,0.2,3295,150,6.7,0.3,7146,165,14.5,0.3,5832,90,11.8,0.2,6003,49,12.2,0.1,3581,275,7.3,0.6,2866,270,5.8,0.5,4708,115,9.6,0.2,2578,153,5.2,0.3,795,139,1.6,0.3,37.3,0.5,(X),(X),11385,31,23.1,0.1,39177,110,79.5,0.2,37892,31,76.9,0.1,36304,184,73.7,0.4,9572,239,19.4,0.5,8081,105,16.4,0.2,37892,31,37892,(X),18467,73,48.7,0.2,19425,67,51.3,0.2,95.1,0.7,(X),(X),8081,105,8081,(X),3590,64,44.4,0.5,4491,74,55.6,0.5,79.9,1.8,(X),(X),49277,*****,49277,(X),47657,274,96.7,0.6,1620,274,3.3,0.6,47657,274,96.7,0.6,35655,357,72.4,0.7,10000,227,20.3,0.5,386,143,0.8,0.3,83,78,0.2,0.2,2,3,0.0,0.1,0,25,0.0,0.1,0,25,0.0,0.1,699,182,1.4,0.4,56,62,0.1,0.1,0,25,0.0,0.1,161,75,0.3,0.2,155,160,0.3,0.3,125,79,0.3,0.2,6,10,0.0,0.1,196,139,0.4,0.3,4,7,0.0,0.1,0,25,0.0,0.1,0,25,0.0,0.1,0,25,0.0,0.1,4,7,0.0,0.1,913,360,1.9,0.7,1620,274,3.3,0.6,553,186,1.1,0.4,354,106,0.7,0.2,252,100,0.5,0.2,133,97,0.3,0.2,49277,*****,49277,(X),36952
0500000US01047,Dallas County ,39149,*****,39149,(X),18039,69,46.1,0.2,21110,69,53.9,0.2,85.5,0.6,(X),(X),2393,31,6.1,0.1,2898,280,7.4,0.7,2422,278,6.2,0.7,2850,102,7.3,0.3,2386,65,6.1,0.2,4571,51,11.7,0.1,4383,77,11.2,0.2,4712,70,12.0,0.2,3006,245,7.7,0.6,2719,235,6.9,0.6,4078,58,10.4,0.1,2113,161,5.4,0.4,618,161,1.6,0.4,39.6,0.4,(X),(X),9429,71,24.1,0.2,30693,163,78.4,0.4,29720,71,75.9,0.2,28036,219,71.6,0.6,8420,222,21.5,0.6,6809,59,17.4,0.1,29720,71,29720,(X),13290,81,44.7,0.2,16430,75,55.3,0.2,80.9,0.8,(X),(X),6809,59,6809,(X),2865,28,42.1,0.4,3944,49,57.9,0.4,72.6,1.1,(X),(X),39149,*****,39149,(X),38906,95,99.4,0.2,243,95,0.6,0.2,38906,95,99.4,0.2,10906,141,27.9,0.4,27693,114,70.7,0.3,37,58,0.1,0.1,0,25,0.0,0.1,0,25,0.0,0.1,0,25,0.0,0.1,0,25,0.0,0.1,222,15,0.6,0.1,120,91,0.3,0.2,13,26,0.0,0.1,0,25,0.0,0.1,8,14,0.0,0.1,0,25,0.0,0.1,50,74,0.1,0.2,31,40,0.1,0.1,21,42,0.1,0.1,0,25,0.0,0.1,21,42,0.1,0.1,0,25,0.0,0.1,0,25,0.0,0.1,27,42,0.1,0.1,243,95,0.6,0.2,17,28,0.0,0.1,117,58,0.3,0.1,8,15,0.0,0.1,12,18,0.0,0.1,39149,*****,39149,(X),11065
0500000US01049,DeKalb County ,71310,*****,71310,(X),35318,120,49.5,0.2,35992,120,50.5,0.2,98.1,0.7,(X),(X),4260,81,6.0,0.1,4732,389,6.6,0.5,5334,403,7.5,0.6,4851,95,6.8,0.1,4143,112,5.8,0.2,8484,163,11.9,0.2,8916,152,12.5,0.2,9361,143,13.1,0.2,4909,311,6.9,0.4,4437,273,6.2,0.4,7171,142,10.1,0.2,3703,164,5.2,0.2,1009,173,1.4,0.2,39.5,0.4,(X),(X),17510,86,24.6,0.1,56091,202,78.7,0.3,53800,86,75.4,0.1,51212,225,71.8,0.3,14432,315,20.2,0.4,11883,164,16.7,0.2,53800,86,53800,(X),26270,68,48.8,0.2,27530,112,51.2,0.2,95.4,0.6,(X),(X),11883,164,11883,(X),5258,112,44.2,0.7,6625,113,55.8,0.7,79.4,2.1,(X),(X),71310,*****,71310,(X),69587,323,97.6,0.5,1723,323,2.4,0.5,69587,323,97.6,0.5,60924,705,85.4,1.0,1039,118,1.5,0.2,841,246,1.2,0.3,585,235,0.8,0.3,9,12,0.0,0.1,0,28,0.0,0.1,13,21,0.0,0.1,86,77,0.1,0.1,0,28,0.0,0.1,8,17,0.0,0.1,12,20,0.0,0.1,0,28,0.0,0.1,0,28,0.0,0.1,0,28,0.0,0.1,66,67,0.1,0.1,561,460,0.8,0.6,10,17,0.0,0.1,522,457,0.7,0.6,0,28,0.0,0.1,29,39,0.0,0.1,6136,738,8.6,1.0,1723,323,2.4,0.5,315,128,0.4,0.2,888,246,1.2,0.3,236,77,0.3,0.1,0,28,0.0,0.1,71310,*****,71310,(X),62647
0500000US01051,Elmore County ,81144,*****,81144,(X),39226,158,48.3,0.2,41918,158,51.7,0.2,93.6,0.7,(X),(X),4737,66,5.8,0.1,4929,509,6.1,0.6,5284,521,6.5,0.6,5169,257,6.4,0.3,4932,274,6.1,0.3,11465,232,14.1,0.3,10874,189,13.4,0.2,11133,121,13.7,0.1,5621,310,6.9,0.4,4947,326,6.1,0.4,7426,89,9.2,0.1,3529,237,4.3,0.3,1098,233,1.4,0.3,38.7,0.3,(X),(X),18229,*****,22.5,*****,65170,217,80.3,0.3,62915,*****,77.5,*****,60060,345,74.0,0.4,14876,318,18.3,0.4,12053,122,14.9,0.2,62915,*****,62915,(X),29995,116,47.7,0.2,32920,116,52.3,0.2,91.1,0.7,(X),(X),12053,122,12053,(X),5446,90,45.2,0.5,6607,79,54.8,0.5,82.4,1.7,(X),(X),81144,*****,81144,(X),79795,261,98.3,0.3,1349,261,1.7,0.3,79795,261,98.3,0.3,61104,370,75.3,0.5,17449,249,21.5,0.3,214,94,0.3,0.1,63,52,0.1,0.1,0,28,0.0,0.1,0,28,0.0,0.1,52,78,0.1,0.1,439,121,0.5,0.1,58,60,0.1,0.1,57,57,0.1,0.1,119,100,0.1,0.1,24,26,0.0,0.1,72,69,0.1,0.1,0,28,0.0,0.1,109,74,0.1,0.1,0,28,0.0,0.1,0,28,0.0,0.1,0,28,0.0,0.1,0,28,0.0,0.1,0,28,0.0,0.1,589,314,0.7,0.4,1349,261,1.7,0.3,383,194,0.5,0.2,478,94,0.6,0.1,328,127,0.4,0.2,12,19,0.0,0.1,81144,*****,81144,(X),62377
0500000US01053,Escambia County ,37057,*****,37057,(X),18856,131,50.9,0.4,18201,131,49.1,0.4,103.6,1.5,(X),(X),2103,9,5.7,0.1,2183,284,5.9,0.8,2577,267,7.0,0.7,2191,139,5.9,0.4,2144,125,5.8,0.3,5005,163,13.5,0.4,4696,115,12.7,0.3,4661,90,12.6,0.2,2437,233,6.6,0.6,2494,246,6.7,0.7,3765,64,10.2,0.2,2116,167,5.7,0.5,685,150,1.8,0.4,40.0,0.5,(X),(X),8288,*****,22.4,*****,29780,116,80.4,0.3,28769,*****,77.6,*****,27567,195,74.4,0.5,7920,258,21.4,0.7,6566,91,17.7,0.2,28769,*****,28769,(X),14702,114,51.1,0.4,14067,114,48.9,0.4,104.5,1.7,(X),(X),6566,91,6566,(X),2831,72,43.1,0.6,3735,35,56.9,0.6,75.8,1.8,(X),(X),37057,*****,37057,(X),36675,136,99.0,0.4,382,136,1.0,0.4,36675,136,99.0,0.4,23053,122,62.2,0.3,11878,193,32.1,0.5,1479,72,4.0,0.2,21,24,0.1,0.1,0,25,0.0,0.1,0,25,0.0,0.1,0,25,0.0,0.1,102,136,0.3,0.4,0,25,0.0,0.1,87,133,0.2,0.4,7,11,0.0,0.1,0,25,0.0,0.1,0,25,0.0,0.1,0,25,0.0,0.1,8,15,0.0,0.1,55,75,0.1,0.2,0,25,0.0,0.1,0,25,0.0,0.1,0,25,0.0,0.1,55,75,0.1,0.2,108,82,0.3,0.2,382,136,1.0,0.4,138,89,0.4,0.2,152,81,0.4,0.2,0,25,0.0,0.1,31,38,0.1,0.1,37057,*****,37057,(X),23397
0500000US01055,Etowah County ,102748,*****,102748,(X),49564,168,48.2,0.2,53184,168,51.8,0.2,93.2,0.6,(X),(X),5916,86,5.8,0.1,6103,372,5.9,0.4,6125,384,6.0,0.4,6302,164,6.1,0.2,6270,175,6.1,0.2,12248,146,11.9,0.1,12669,174,12.3,0.2,13832,184,13.5,0.2,7156,362,7.0,0.4,6870,361,6.7,0.4,11391,103,11.1,0.1,5922,246,5.8,0.2,1944,247,1.9,0.2,41.4,0.3,(X),(X),22169,96,21.6,0.1,83242,228,81.0,0.2,80579,96,78.4,0.1,77000,347,74.9,0.3,23419,373,22.8,0.4,19257,128,18.7,0.1,80579,96,80579,(X),38257,160,47.5,0.2,42322,137,52.5,0.2,90.4,0.6,(X),(X),19257,128,19257,(X),8257,65,42.9,0.3,11000,119,57.1,0.3,75.1,1.1,(X),(X),102748,*****,102748,(X),100907,366,98.2,0.4,1841,366,1.8,0.4,100907,366,98.2,0.4,82027,418,79.8,0.4,16330,459,15.9,0.4,581,206,0.6,0.2,102,77,0.1,0.1,0,28,0.0,0.1,4,7,0.0,0.1,0,28,0.0,0.1,764,97,0.7,0.1,158,121,0.2,0.1,114,78,0.1,0.1,168,99,0.2,0.1,13,18,0.0,0.1,10,17,0.0,0.1,42,65,0.0,0.1,259,169,0.3,0.2,24,33,0.0,0.1,0,28,0.0,0.1,21,32,0.0,0.1,0,28,0.0,0.1,3,6,0.0,0.1,1181,361,1.1,0.4,1841,366,1.8,0.4,791,311,0.8,0.3,634,177,0.6,0.2,136,90,0.1,0.1,10,15,0.0,0.1,102748,*****,102748,(X),83816
0500000US01057,Fayette County ,16494,*****,16494,(X),8138,126,49.3,0.8,8356,126,50.7,0.8,97.4,3.0,(X),(X),876,4,5.3,0.1,902,161,5.5,1.0,1087,164,6.6,1.0,996,83,6.0,0.5,927,55,5.6,0.3,1921,111,11.6,0.7,1881,98,11.4,0.6,2076,76,12.6,0.5,1190,155,7.2,0.9,1200,162,7.3,1.0,2002,76,12.1,0.5,1058,94,6.4,0.6,378,100,2.3,0.6,43.7,0.6,(X),(X),3480,81,21.1,0.5,13428,130,81.4,0.8,13014,81,78.9,0.5,12426,124,75.3,0.8,4113,141,24.9,0.9,3438,43,20.8,0.3,13014,81,13014,(X),6225,47,47.8,0.5,6789,100,52.2,0.5,91.7,1.8,(X),(X),3438,43,3438,(X),1503,20,43.7,0.6,1935,38,56.3,0.6,77.7,1.9,(X),(X),16494,*****,16494,(X),16101,168,97.6,1.0,393,168,2.4,1.0,16101,168,97.6,1.0,14068,109,85.3,0.7,1948,176,11.8,1.1,0,19,0.0,0.2,0,19,0.0,0.2,0,19,0.0,0.2,0,19,0.0,0.2,0,19,0.0,0.2,78,3,0.5,0.1,18,21,0.1,0.1,17,19,0.1,0.1,5,9,0.0,0.1,11,15,0.1,0.1,0,19,0.0,0.2,16,19,0.1,0.1,11,20,0.1,0.1,7,18,0.0,0.1,0,19,0.0,0.2,7,18,0.0,0.1,0,19,0.0,0.2,0,19,0.0,0.2,0,19,0.0,0.2,393,168,2.4,1.0,235,154,1.4,0.9,115,19,0.7,0.2,1,3,0.0,0.1,19,31,0.1,0.2,16494,*****,16494,(X),14419
0500000US01059,Franklin County ,31466,*****,31466,(X),15676,248,49.8,0.8,15790,248,50.2,0.8,99.3,3.1,(X),(X),2219,130,7.1,0.4,1921,240,6.1,0.8,2387,232,7.6,0.7,1948,89,6.2,0.3,2205,177,7.0,0.6,4071,377,12.9,1.2,3653,246,11.6,0.8,3980,252,12.6,0.8,1715,234,5.5,0.7,2063,240,6.6,0.8,3044,109,9.7,0.3,1646,168,5.2,0.5,614,157,2.0,0.5,38.6,2.1,(X),(X),7884,109,25.1,0.3,24340,161,77.4,0.5,23582,109,74.9,0.3,22409,317,71.2,1.0,6606,266,21.0,0.8,5304,128,16.9,0.4,23582,109,23582,(X),11661,185,49.4,0.7,11921,180,50.6,0.7,97.8,2.9,(X),(X),5304,128,5304,(X),2345,101,44.2,1.3,2959,86,55.8,1.3,79.2,4.2,(X),(X),31466,*****,31466,(X),31058,167,98.7,0.5,408,167,1.3,0.5,31058,167,98.7,0.5,26118,683,83.0,2.2,1385,125,4.4,0.4,408,358,1.3,1.1,46,71,0.1,0.2,0,25,0.0,0.1,0,25,0.0,0.1,0,25,0.0,0.1,117,3,0.4,0.1,2,11,0.0,0.1,1,3,0.0,0.1,2,5,0.0,0.1,0,25,0.0,0.1,4,13,0.0,0.1,0,25,0.0,0.1,108,26,0.3,0.1,0,25,0.0,0.1,0,25,0.0,0.1,0,25,0.0,0.1,0,25,0.0,0.1,0,25,0.0,0.1,3030,680,9.6,2.2,408,167,1.3,0.5,37,47,0.1,0.2,270,124,0.9,0.4,1,3,0.0,0.1,0,25,0.0,0.1,31466,*****,31466,(X),26517
0500000US01061,Geneva County ,26417,*****,26417,(X),12835,119,48.6,0.4,13582,119,51.4,0.4,94.5,1.7,(X),(X),1440,10,5.5,0.1,1716,306,6.5,1.2,1621,273,6.1,1.0,1644,157,6.2,0.6,1336,114,5.1,0.4,2927,153,11.1,0.6,3021,141,11.4,0.5,3683,142,13.9,0.5,1987,211,7.5,0.8,1767,222,6.7,0.8,2960,88,11.2,0.3,1733,143,6.6,0.5,582,125,2.2,0.5,43.2,0.6,(X),(X),5818,17,22.0,0.1,21355,129,80.8,0.5,20599,17,78.0,0.1,19726,146,74.7,0.6,6116,182,23.2,0.7,5275,74,20.0,0.3,20599,17,20599,(X),9882,46,48.0,0.2,10717,49,52.0,0.2,92.2,0.8,(X),(X),5275,74,5275,(X),2325,40,44.1,0.7,2950,61,55.9,0.7,78.8,2.1,(X),(X),26417,*****,26417,(X),25995,155,98.4,0.6,422,155,1.6,0.6,25995,155,98.4,0.6,22870,171,86.6,0.6,2538,142,9.6,0.5,250,67,0.9,0.3,93,82,0.4,0.3,0,22,0.0,0.1,0,22,0.0,0.1,0,22,0.0,0.1,115,14,0.4,0.1,0,22,0.0,0.1,0,22,0.0,0.1,4,8,0.0,0.1,4,8,0.0,0.1,35,47,0.1,0.2,0,22,0.0,0.1,72,61,0.3,0.2,12,13,0.0,0.1,0,22,0.0,0.1,0,22,0.0,0.1,0,22,0.0,0.1,12,13,0.0,0.1,210,133,0.8,0.5,422,155,1.6,0.6,190,128,0.7,0.5,152,62,0.6,0.2,4,14,0.0,0.1,0,22,0.0,0.1,26417,*****,26417,(X),23292
0500000US01063,Greene County ,8324,*****,8324,(X),3846,138,46.2,1.7,4478,138,53.8,1.7,85.9,5.7,(X),(X),578,84,6.9,1.0,557,112,6.7,1.4,419,104,5.0,1.2,377,93,4.5,1.1,600,120,7.2,1.4,1002,172,12.0,2.1,803,142,9.6,1.7,910,142,10.9,1.7,652,166,7.8,2.0,653,166,7.8,2.0,988,116,11.9,1.4,623,122,7.5,1.5,162,89,1.9,1.1,40.9,3.0,(X),(X),1884,13,22.6,0.2,6544,73,78.6,0.9,6440,13,77.4,0.2,6302,113,75.7,1.4,2281,162,27.4,1.9,1773,*****,21.3,*****,6440,13,6440,(X),2961,13,46.0,0.1,3479,*****,54.0,0.1,85.1,0.4,(X),(X),1773,*****,1773,(X),749,*****,42.2,*****,1024,*****,57.8,*****,73.1,*****,(X),(X),8324,*****,8324,(X),8102,218,97.3,2.6,222,218,2.7,2.6,8102,218,97.3,2.6,1439,9,17.3,0.1,6618,226,79.5,2.7,37,59,0.4,0.7,0,17,0.0,0.4,0,17,0.0,0.4,0,17,0.0,0.4,0,17,0.0,0.4,0,17,0.0,0.4,0,17,0.0,0.4,0,17,0.0,0.4,0,17,0.0,0.4,0,17,0.0,0.4,0,17,0.0,0.4,0,17,0.0,0.4,0,17,0.0,0.4,0,17,0.0,0.4,0,17,0.0,0.4,0,17,0.0,0.4,0,17,0.0,0.4,0,17,0.0,0.4,8,28,0.1,0.3,222,218,2.7,2.6,0,17,0.0,0.4,0,17,0.0,0.4,35,55,0.4,0.7,0,17,0.0,0.4,8324,*****,8324,(X),1628
0500000US01065,Hale County ,14809,*****,14809,(X),7035,59,47.5,0.4,7774,59,52.5,0.4,90.5,1.4,(X),(X),984,*****,6.6,*****,899,118,6.1,0.8,962,118,6.5,0.8,1139,186,7.7,1.3,904,193,6.1,1.3,1630,184,11.0,1.2,1573,105,10.6,0.7,1801,*****,12.2,*****,971,142,6.6,1.0,1169,142,7.9,1.0,1609,*****,10.9,*****,856,110,5.8,0.7,312,110,2.1,0.7,40.5,1.8,(X),(X),3454,*****,23.3,*****,11792,70,79.6,0.5,11355,*****,76.7,*****,10588,214,71.5,1.4,3503,116,23.7,0.8,2777,*****,18.8,*****,11355,*****,11355,(X),5224,*****,46.0,*****,6131,*****,54.0,*****,85.2,*****,(X),(X),2777,*****,2777,(X),1219,*****,43.9,*****,1558,*****,56.1,*****,78.2,*****,(X),(X),14809,*****,14809,(X),14745,69,99.6,0.5,64,69,0.4,0.5,14745,69,99.6,0.5,5854,63,39.5,0.4,8796,87,59.4,0.6,30,46,0.2,0.3,30,46,0.2,0.3,0,19,0.0,0.2,0,19,0.0,0.2,0,19,0.0,0.2,33,41,0.2,0.3,0,19,0.0,0.2,0,19,0.0,0.2,9,13,0.1,0.1,0,19,0.0,0.2,24,40,0.2,0.3,0,19,0.0,0.2,0,19,0.0,0.2,0,19,0.0,0.2,0,19,0.0,0.2,0,19,0.0,0.2,0,19,0.0,0.2,0,19,0.0,0.2,32,63,0.2,0.4,64,69,0.4,0.5,64,69,0.4,0.5,0,19,0.0,0.2,0,19,0.0,0.2,0,19,0.0,0.2,14809,*****,14809,(X),5918
0500000US01067,Henry County ,17133,*****,17133,(X),8319,73,48.6,0.4,8814,73,51.4,0.4,94.4,1.6,(X),(X),889,55,5.2,0.3,887,151,5.2,0.9,1166,157,6.8,0.9,1073,123,6.3,0.7,950,142,5.5,0.8,1636,136,9.5,0.8,2128,112,12.4,0.7,2204,86,12.9,0.5,1216,124,7.1,0.7,1199,122,7.0,0.7,2292,32,13.4,0.2,1066,104,6.2,0.6,427,102,2.5,0.6,44.4,0.4,(X),(X),3596,38,21.0,0.2,14042,67,82.0,0.4,13537,38,79.0,0.2,12940,142,75.5,0.8,4633,118,27.0,0.7,3785,45,22.1,0.3,13537,38,13537,(X),6421,58,47.4,0.4,7116,53,52.6,0.4,90.2,1.4,(X),(X),3785,45,3785,(X),1651,14,43.6,0.4,2134,38,56.4,0.4,77.4,1.3,(X),(X),17133,*****,17133,(X),16932,75,98.8,0.4,201,75,1.2,0.4,16932,75,98.8,0.4,12118,116,70.7,0.7,4565,60,26.6,0.3,30,38,0.2,0.2,0,19,0.0,0.2,0,19,0.0,0.2,7,13,0.0,0.1,0,19,0.0,0.2,68,40,0.4,0.2,40,43,0.2,0.3,0,19,0.0,0.2,0,19,0.0,0.2,0,19,0.0,0.2,0,19,0.0,0.2,28,42,0.2,0.2,0,19,0.0,0.2,17,34,0.1,0.2,17,34,0.1,0.2,0,19,0.0,0.2,0,19,0.0,0.2,0,19,0.0,0.2,134,111,0.8,0.7,201,75,1.2,0.4,37,34,0.2,0.2,101,38,0.6,0.2,9,17,0.1,0.1,0,19,0.0,0.2,17133,*****,17133,(X),12319
0500000US01069,Houston County ,104702,*****,104702,(X),50190,37,47.9,0.1,54512,37,52.1,0.1,92.1,0.1,(X),(X),6401,17,6.1,0.1,6450,207,6.2,0.2,7157,214,6.8,0.2,6534,46,6.2,0.1,5961,53,5.7,0.1,13645,51,13.0,0.1,12950,42,12.4,0.1,13610,7,13.0,0.1,7597,238,7.3,0.2,6345,233,6.1,0.2,10556,33,10.1,0.1,5569,161,5.3,0.2,1927,160,1.8,0.2,40.1,0.2,(X),(X),24353,22,23.3,0.1,83196,126,79.5,0.1,80349,22,76.7,0.1,76860,143,73.4,0.1,21699,176,20.7,0.2,18052,32,17.2,0.1,80349,22,80349,(X),37608,19,46.8,0.1,42741,13,53.2,0.1,88.0,0.1,(X),(X),18052,32,18052,(X),7767,10,43.0,0.1,10285,28,57.0,0.1,75.5,0.2,(X),(X),104702,*****,104702,(X),102399,232,97.8,0.2,2303,232,2.2,0.2,102399,232,97.8,0.2,72344,256,69.1,0.2,28157,182,26.9,0.2,271,71,0.3,0.1,80,35,0.1,0.1,6,8,0.0,0.1,38,43,0.0,0.1,3,5,0.0,0.1,930,73,0.9,0.1,209,64,0.2,0.1,179,49,0.2,0.1,99,32,0.1,0.1,48,21,0.0,0.1,119,34,0.1,0.1,141,48,0.1,0.1,135,40,0.1,0.1,63,46,0.1,0.1,36,47,0.0,0.1,12,14,0.0,0.1,0,28,0.0,0.1,15,18,0.0,0.1,634,253,0.6,0.2,2303,232,2.2,0.2,904,188,0.9,0.2,672,72,0.6,0.1,260,54,0.2,0.1,52,29,0.0,0.1,104702,*****,104702,(X),74414
0500000US01071,Jackson County ,51852,*****,51852,(X),25381,163,48.9,0.3,26471,163,51.1,0.3,95.9,1.2,(X),(X),2756,172,5.3,0.3,3153,309,6.1,0.6,3046,289,5.9,0.6,3062,104,5.9,0.2,2836,163,5.5,0.3,5924,183,11.4,0.4,6262,197,12.1,0.4,7059,170,13.6,0.3,3975,326,7.7,0.6,3666,331,7.1,0.6,6019,70,11.6,0.1,3165,197,6.1,0.4,929,194,1.8,0.4,43.1,0.4,(X),(X),10982,11,21.2,0.1,42222,151,81.4,0.3,40870,11,78.8,0.1,39190,210,75.6,0.4,12266,273,23.7,0.5,10113,75,19.5,0.1,40870,11,40870,(X),19658,35,48.1,0.1,21212,33,51.9,0.1,92.7,0.3,(X),(X),10113,75,10113,(X),4452,59,44.0,0.4,5661,42,56.0,0.4,78.6,1.2,(X),(X),51852,*****,51852,(X),50443,199,97.3,0.4,1409,199,2.7,0.4,50443,199,97.3,0.4,47456,170,91.5,0.3,1809,170,3.5,0.3,629,192,1.2,0.4,381,159,0.7,0.3,0,28,0.0,0.1,0,28,0.0,0.1,33,45,0.1,0.1,232,40,0.4,0.1,0,28,0.0,0.1,32,39,0.1,0.1,32,40,0.1,0.1,30,34,0.1,0.1,40,61,0.1,0.1,97,81,0.2,0.2,1,2,0.0,0.1,55,62,0.1,0.1,51,64,0.1,0.1,1,3,0.0,0.1,3,7,0.0,0.1,0,28,0.0,0.1,262,134,0.5,0.3,1409,199,2.7,0.4,235,145,0.5,0.3,1016,179,2.0,0.3,70,39,0.1,0.1,0,28,0.0,0.1,51852,*****,51852,(X),48858
0500000US01073,Jefferson County ,659680,*****,659680,(X),312033,102,47.3,0.1,347647,102,52.7,0.1,89.8,0.1,(X),(X),42520,79,6.4,0.1,41971,1185,6.4,0.2,41809,1160,6.3,0.2,41217,132,6.2,0.1,42420,112,6.4,0.1,95535,145,14.5,0.1,83537,154,12.7,0.1,81766,70,12.4,0.1,43734,1214,6.6,0.2,43386,1217,6.6,0.2,59561,98,9.0,0.1,29471,643,4.5,0.1,12753,639,1.9,0.1,37.7,0.2,(X),(X),151177,22,22.9,0.1,525234,559,79.6,0.1,508503,22,77.1,0.1,483082,725,73.2,0.1,127088,1102,19.3,0.2,101785,46,15.4,0.1,508503,22,508503,(X),235204,26,46.3,0.1,273299,19,53.7,0.1,86.1,0.1,(X),(X),101785,46,101785,(X),42105,10,41.4,0.1,59680,46,58.6,0.1,70.6,0.1,(X),(X),659680,*****,659680,(X),648766,1006,98.3,0.2,10914,1006,1.7,0.2,648766,1006,98.3,0.2,341768,1222,51.8,0.2,283311,900,42.9,0.1,1443,398,0.2,0.1,245,108,0.0,0.1,0,28,0.0,0.1,0,28,0.0,0.1,34,61,0.0,0.1,10433,518,1.6,0.1,3342,621,0.5,0.1,2550,492,0.4,0.1,702,238,0.1,0.1,239,108,0.0,0.1,1141,457,0.2,0.1,966,393,0.1,0.1,1493,474,0.2,0.1,201,48,0.0,0.1,41,29,0.0,0.1,40,39,0.0,0.1,0,28,0.0,0.1,120,63,0.0,0.1,11610,1137,1.8,0.2,10914,1006,1.7,0.2,3291,553,0.5,0.1,2185,319,0.3,0.1,2055,429,0.3,0.1,507,187,0.1,0.1,659680,*****,659680,(X),350653
0500000US01075,Lamar County ,13885,*****,13885,(X),6783,64,48.9,0.5,7102,64,51.1,0.5,95.5,1.8,(X),(X),722,53,5.2,0.4,801,151,5.8,1.1,983,151,7.1,1.1,865,90,6.2,0.6,677,57,4.9,0.4,1456,71,10.5,0.5,1499,72,10.8,0.5,1879,76,13.5,0.5,992,164,7.1,1.2,1028,167,7.4,1.2,1618,45,11.7,0.3,971,127,7.0,0.9,394,114,2.8,0.8,44.8,0.3,(X),(X),3050,63,22.0,0.5,11104,129,80.0,0.9,10835,63,78.0,0.5,10389,118,74.8,0.8,3619,143,26.1,1.0,2983,79,21.5,0.6,10835,63,10835,(X),5189,28,47.9,0.3,5646,52,52.1,0.3,91.9,0.9,(X),(X),2983,79,2983,(X),1293,57,43.3,1.1,1690,43,56.7,1.1,76.5,3.5,(X),(X),13885,*****,13885,(X),13774,83,99.2,0.6,111,83,0.8,0.6,13774,83,99.2,0.6,12154,30,87.5,0.2,1479,134,10.7,1.0,3,6,0.0,0.1,0,19,0.0,0.2,0,19,0.0,0.2,0,19,0.0,0.2,0,19,0.0,0.2,17,20,0.1,0.1,0,19,0.0,0.2,0,19,0.0,0.2,13,19,0.1,0.1,0,19,0.0,0.2,0,19,0.0,0.2,0,19,0.0,0.2,4,7,0.0,0.1,0,19,0.0,0.2,0,19,0.0,0.2,0,19,0.0,0.2,0,19,0.0,0.2,0,19,0.0,0.2,121,124,0.9,0.9,111,83,0.8,0.6,25,31,0.2,0.2,82,79,0.6,0.6,4,7,0.0,0.1,0,19,0.0,0.2,13885,*****,13885,(X),12265
0500000US01077,Lauderdale County ,92556,*****,92556,(X),44568,151,48.2,0.2,47988,151,51.8,0.2,92.9,0.6,(X),(X),4785,95,5.2,0.1,5013,422,5.4,0.5,5209,406,5.6,0.4,6120,199,6.6,0.2,7823,199,8.5,0.2,11095,199,12.0,0.2,10157,142,11.0,0.2,11608,120,12.5,0.1,6191,389,6.7,0.4,6327,378,6.8,0.4,10458,99,11.3,0.1,5591,283,6.0,0.3,2179,276,2.4,0.3,41.0,0.5,(X),(X),18309,78,19.8,0.1,76212,219,82.3,0.2,74247,78,80.2,0.1,69478,433,75.1,0.5,22052,357,23.8,0.4,18228,108,19.7,0.1,74247,78,74247,(X),35058,163,47.2,0.2,39189,114,52.8,0.2,89.5,0.7,(X),(X),18228,108,18228,(X),7885,64,43.3,0.3,10343,86,56.7,0.3,76.2,0.9,(X),(X),92556,*****,92556,(X),91275,328,98.6,0.4,1281,328,1.4,0.4,91275,328,98.6,0.4,80436,279,86.9,0.3,9596,308,10.4,0.3,363,158,0.4,0.2,103,80,0.1,0.1,0,28,0.0,0.1,0,28,0.0,0.1,0,28,0.0,0.1,593,72,0.6,0.1,153,129,0.2,0.1,195,109,0.2,0.1,92,85,0.1,0.1,25,26,0.0,0.1,55,48,0.1,0.1,0,28,0.0,0.1,73,51,0.1,0.1,62,52,0.1,0.1,15,25,0.0,0.1,0,28,0.0,0.1,0,28,0.0,0.1,47,47,0.1,0.1,225,138,0.2,0.1,1281,328,1.4,0.4,473,221,0.5,0.2,450,159,0.5,0.2,184,99,0.2,0.1,0,28,0.0,0.1,92556,*****,92556,(X),81717
0500000US01079,Lawrence County ,33058,*****,33058,(X),15955,124,48.3,0.4,17103,124,51.7,0.4,93.3,1.4,(X),(X),1779,74,5.4,0.2,1933,217,5.8,0.7,2273,213,6.9,0.6,1954,122,5.9,0.4,1805,120,5.5,0.4,3974,135,12.0,0.4,3796,144,11.5,0.4,4827,125,14.6,0.4,2389,284,7.2,0.9,2330,299,7.0,0.9,3665,111,11.1,0.3,1791,166,5.4,0.5,542,150,1.6,0.5,42.4,0.4,(X),(X),7183,39,21.7,0.1,26684,147,80.7,0.4,25875,39,78.3,0.1,24862,163,75.2,0.5,7044,258,21.3,0.8,5998,109,18.1,0.3,25875,39,25875,(X),12415,14,48.0,0.1,13460,50,52.0,0.1,92.2,0.4,(X),(X),5998,109,5998,(X),2627,49,43.8,1.0,3371,105,56.2,1.0,77.9,3.0,(X),(X),33058,*****,33058,(X),31343,479,94.8,1.4,1715,479,5.2,1.4,31343,479,94.8,1.4,25799,186,78.0,0.6,3502,234,10.6,0.7,1852,400,5.6,1.2,1588,418,4.8,1.3,0,25,0.0,0.1,0,25,0.0,0.1,0,25,0.0,0.1,65,73,0.2,0.2,0,25,0.0,0.1,6,10,0.0,0.1,7,19,0.0,0.1,0,25,0.0,0.1,0,25,0.0,0.1,32,52,0.1,0.2,20,34,0.1,0.1,27,32,0.1,0.1,27,32,0.1,0.1,0,25,0.0,0.1,0,25,0.0,0.1,0,25,0.0,0.1,98,147,0.3,0.4,1715,479,5.2,1.4,84,62,0.3,0.2,1171,400,3.5,1.2,67,73,0.2,0.2,241,210,0.7,0.6,33058,*****,33058,(X),27273
0500000US01081,Lee County ,161152,*****,161152,(X),79453,203,49.3,0.1,81699,203,50.7,0.1,97.3,0.5,(X),(X),9527,49,5.9,0.1,9449,694,5.9,0.4,9746,697,6.0,0.4,13365,173,8.3,0.1,22010,149,13.7,0.1,23055,167,14.3,0.1,19465,185,12.1,0.1,18832,164,11.7,0.1,9168,567,5.7,0.4,7839,550,4.9,0.3,11670,175,7.2,0.1,5222,357,3.2,0.2,1804,324,1.1,0.2,31.9,0.2,(X),(X),34388,97,21.3,0.1,130253,286,80.8,0.2,126764,97,78.7,0.1,112705,724,69.9,0.4,23869,542,14.8,0.3,18696,142,11.6,0.1,126764,97,126764,(X),61733,111,48.7,0.1,65031,59,51.3,0.1,94.9,0.2,(X),(X),18696,142,18696,(X),8419,105,45.0,0.3,10277,76,55.0,0.3,81.9,1.1,(X),(X),161152,*****,161152,(X),158140,605,98.1,0.4,3012,605,1.9,0.4,158140,605,98.1,0.4,113359,450,70.3,0.3,36920,540,22.9,0.3,296,146,0.2,0.1,147,101,0.1,0.1,0,28,0.0,0.1,0,28,0.0,0.1,0,28,0.0,0.1,6899,279,4.3,0.2,973,369,0.6,0.2,1637,381,1.0,0.2,123,74,0.1,0.1,140,76,0.1,0.1,2939,476,1.8,0.3,354,241,0.2,0.1,733,374,0.5,0.2,23,35,0.0,0.1,0,28,0.0,0.1,0,28,0.0,0.1,0,28,0.0,0.1,23,35,0.0,0.1,643,329,0.4,0.2,3012,605,1.9,0.4,1060,383,0.7,0.2,715,172,0.4,0.1,438,207,0.3,0.1,143,134,0.1,0.1,161152,*****,161152,(X),116097
0500000US01083,Limestone County ,94727,*****,94727,(X),47291,121,49.9,0.1,47436,121,50.1,0.1,99.7,0.5,(X),(X),5217,72,5.5,0.1,5670,494,6.0,0.5,6577,482,6.9,0.5,6203,262,6.5,0.3,5118,248,5.4,0.3,12568,274,13.3,0.3,12861,222,13.6,0.2,13931,205,14.7,0.2,6620,452,7.0,0.5,5634,448,5.9,0.5,8743,165,9.2,0.2,4100,297,4.3,0.3,1485,277,1.6,0.3,39.7,0.4,(X),(X),21583,*****,22.8,*****,75899,210,80.1,0.2,73144,*****,77.2,*****,70086,280,74.0,0.3,17513,385,18.5,0.4,14328,143,15.1,0.2,73144,*****,73144,(X),36487,65,49.9,0.1,36657,65,50.1,0.1,99.5,0.4,(X),(X),14328,143,14328,(X),6414,90,44.8,0.5,7914,107,55.2,0.5,81.0,1.6,(X),(X),94727,*****,94727,(X),93000,384,98.2,0.4,1727,384,1.8,0.4,93000,384,98.2,0.4,76003,588,80.2,0.6,13028,282,13.8,0.3,723,203,0.8,0.2,236,129,0.2,0.1,0,28,0.0,0.1,0,28,0.0,0.1,0,28,0.0,0.1,1309,237,1.4,0.3,578,258,0.6,0.3,185,134,0.2,0.1,487,339,0.5,0.4,28,46,0.0,0.1,24,37,0.0,0.1,0,28,0.0,0.1,7,13,0.0,0.1,78,84,0.1,0.1,54,68,0.1,0.1,0,28,0.0,0.1,0,28,0.0,0.1,24,40,0.0,0.1,1859,544,2.0,0.6,1727,384,1.8,0.4,470,199,0.5,0.2,547,169,0.6,0.2,406,230,0.4,0.2,34,37,0.0,0.1,94727,*****,94727,(X),77626
0500000US01085,Lowndes County ,10079,*****,10079,(X),4821,35,47.8,0.3,5258,35,52.2,0.3,91.7,1.3,(X),(X),613,*****,6.1,*****,587,118,5.8,1.2,653,119,6.5,1.2,559,63,5.5,0.6,605,66,6.0,0.7,1314,84,13.0,0.8,1055,66,10.5,0.7,1346,86,13.4,0.8,752,102,7.5,1.0,739,102,7.3,1.0,1057,*****,10.5,*****,604,49,6.0,0.5,195,49,1.9,0.5,42.0,1.1,(X),(X),2271,*****,22.5,*****,8043,70,79.8,0.7,7808,*****,77.5,*****,7555,76,75.0,0.8,2264,76,22.5,0.8,1856,*****,18.4,*****,7808,*****,7808,(X),3623,*****,46.4,*****,4185,*****,53.6,*****,86.6,*****,(X),(X),1856,*****,1856,(X),790,*****,42.6,*****,1066,*****,57.4,*****,74.1,*****,(X),(X),10079,*****,10079,(X),10032,40,99.5,0.4,47,40,0.5,0.4,10032,40,99.5,0.4,2497,19,24.8,0.2,7522,46,74.6,0.5,13,21,0.1,0.2,13,21,0.1,0.2,0,19,0.0,0.3,0,19,0.0,0.3,0,19,0.0,0.3,0,19,0.0,0.3,0,19,0.0,0.3,0,19,0.0,0.3,0,19,0.0,0.3,0,19,0.0,0.3,0,19,0.0,0.3,0,19,0.0,0.3,0,19,0.0,0.3,0,19,0.0,0.3,0,19,0.0,0.3,0,19,0.0,0.3,0,19,0.0,0.3,0,19,0.0,0.3,0,19,0.0,0.3,47,40,0.5,0.4,15,23,0.1,0.2,20,30,0.2,0.3,0,19,0.0,0.3,12,16,0.1,0.2,10079,*****,10079,(X),2532
0500000US01087,Macon County ,18708,*****,18708,(X),8593,47,45.9,0.3,10115,47,54.1,0.3,85.0,0.9,(X),(X),834,50,4.5,0.3,981,108,5.2,0.6,843,106,4.5,0.6,1791,179,9.6,1.0,2226,177,11.9,0.9,2049,108,11.0,0.6,1663,71,8.9,0.4,2133,*****,11.4,*****,1290,133,6.9,0.7,1284,134,6.9,0.7,2184,*****,11.7,*****,1024,85,5.5,0.5,406,85,2.2,0.5,38.6,0.6,(X),(X),3248,*****,17.4,*****,15831,79,84.6,0.4,15460,*****,82.6,*****,13657,198,73.0,1.1,4363,121,23.3,0.6,3614,*****,19.3,*****,15460,*****,15460,(X),6916,*****,44.7,*****,8544,*****,55.3,*****,80.9,*****,(X),(X),3614,*****,3614,(X),1513,*****,41.9,*****,2101,*****,58.1,*****,72.0,*****,(X),(X),18708,*****,18708,(X),18619,42,99.5,0.2,89,42,0.5,0.2,18619,42,99.5,0.2,3000,27,16.0,0.1,15560,62,83.2,0.3,16,17,0.1,0.1,8,11,0.0,0.1,0,19,0.0,0.2,0,19,0.0,0.2,0,19,0.0,0.2,32,32,0.2,0.2,0,19,0.0,0.2,0,19,0.0,0.2,11,19,0.1,0.1,0,19,0.0,0.2,12,18,0.1,0.1,0,19,0.0,0.2,9,15,0.0,0.1,0,19,0.0,0.2,0,19,0.0,0.2,0,19,0.0,0.2,0,19,0.0,0.2,0,19,0.0,0.2,11,16,0.1,0.1,89,42,0.5,0.2,49,34,0.3,0.2,38,27,0.2,0.1,0,19,0.0,0.2,1,5,0.0,0.1,18708,*****,18708,(X),3088
0500000US01089,Madison County ,362276,*****,362276,(X),176935,77,48.8,0.1,185341,77,51.2,0.1,95.5,0.1,(X),(X),21250,5,5.9,0.1,21809,985,6.0,0.3,22564,976,6.2,0.3,24186,145,6.7,0.1,24707,149,6.8,0.1,50436,85,13.9,0.1,43930,59,12.1,0.1,50569,36,14.0,0.1,27733,773,7.7,0.2,21941,773,6.1,0.2,30731,78,8.5,0.1,16588,484,4.6,0.1,5832,496,1.6,0.1,38.5,0.2,(X),(X),79687,37,22.0,0.1,292072,434,80.6,0.1,282589,37,78.0,0.1,267566,508,73.9,0.1,65537,707,18.1,0.2,53151,23,14.7,0.1,282589,37,282589,(X),136375,46,48.3,0.1,146214,43,51.7,0.1,93.3,0.1,(X),(X),53151,23,53151,(X),23244,12,43.7,0.1,29907,22,56.3,0.1,77.7,0.1,(X),(X),362276,*****,362276,(X),351077,1135,96.9,0.3,11199,1135,3.1,0.3,351077,1135,96.9,0.3,246132,920,67.9,0.3,88011,901,24.3,0.2,2124,332,0.6,0.1,1340,305,0.4,0.1,73,89,0.0,0.1,13,24,0.0,0.1,3,6,0.0,0.1,9555,423,2.6,0.1,2247,592,0.6,0.2,1902,557,0.5,0.2,811,268,0.2,0.1,363,123,0.1,0.1,1319,339,0.4,0.1,1253,520,0.3,0.1,1660,409,0.5,0.1,316,79,0.1,0.1,84,56,0.0,0.1,106,80,0.0,0.1,90,126,0.0,0.1,36,40,0.0,0.1,4939,905,1.4,0.2,11199,1135,3.1,0.3,2997,566,0.8,0.2,2643,334,0.7,0.1,2064,414,0.6,0.1,728,451,0.2,0.1,362276,*****,362276,(X),255475
0500000US01091,Marengo County ,19321,*****,19321,(X),9299,132,48.1,0.7,10022,132,51.9,0.7,92.8,2.5,(X),(X),969,210,5.0,1.1,1431,326,7.4,1.7,1222,273,6.3,1.4,1401,219,7.3,1.1,1206,267,6.2,1.4,2034,272,10.5,1.4,2163,168,11.2,0.9,2473,*****,12.8,*****,1235,202,6.4,1.0,1458,202,7.5,1.0,2079,*****,10.8,*****,1219,124,6.3,0.6,431,124,2.2,0.6,42.2,0.7,(X),(X),4403,*****,22.8,*****,15514,59,80.3,0.3,14918,*****,77.2,*****,14142,218,73.2,1.1,4604,198,23.8,1.0,3729,*****,19.3,*****,14918,*****,14918,(X),6905,*****,46.3,*****,8013,*****,53.7,*****,86.2,*****,(X),(X),3729,*****,3729,(X),1615,*****,43.3,*****,2114,*****,56.7,*****,76.4,*****,(X),(X),19321,*****,19321,(X),19237,85,99.6,0.4,84,85,0.4,0.4,19237,85,99.6,0.4,8840,199,45.8,1.0,10348,250,53.6,1.3,21,27,0.1,0.1,21,27,0.1,0.1,0,19,0.0,0.2,0,19,0.0,0.2,0,19,0.0,0.2,0,19,0.0,0.2,0,19,0.0,0.2,0,19,0.0,0.2,0,19,0.0,0.2,0,19,0.0,0.2,0,19,0.0,0.2,0,19,0.0,0.2,0,19,0.0,0.2,0,19,0.0,0.2,0,19,0.0,0.2,0,19,0.0,0.2,0,19,0.0,0.2,0,19,0.0,0.2,28,124,0.1,0.6,84,85,0.4,0.4,54,83,0.3,0.4,26,28,0.1,0.1,0,19,0.0,0.2,3,5,0.0,0.1,19321,*****,19321,(X),8921
0500000US01093,Marion County ,29866,*****,29866,(X),14781,103,49.5,0.3,15085,103,50.5,0.3,98.0,1.3,(X),(X),1552,102,5.2,0.3,1623,207,5.4,0.7,1918,225,6.4,0.8,1869,100,6.3,0.3,1632,110,5.5,0.4,3278,125,11.0,0.4,3360,100,11.3,0.3,4217,147,14.1,0.5,2242,247,7.5,0.8,1887,233,6.3,0.8,3480,68,11.7,0.2,2140,141,7.2,0.5,668,133,2.2,0.4,44.3,0.4,(X),(X),6274,34,21.0,0.1,24260,110,81.2,0.4,23592,34,79.0,0.1,22530,165,75.4,0.6,7484,215,25.1,0.7,6288,80,21.1,0.3,23592,34,23592,(X),11467,60,48.6,0.3,12125,65,51.4,0.3,94.6,1.0,(X),(X),6288,80,6288,(X),2738,59,43.5,0.8,3550,66,56.5,0.8,77.1,2.4,(X),(X),29866,*****,29866,(X),29359,171,98.3,0.6,507,171,1.7,0.6,29359,171,98.3,0.6,27739,165,92.9,0.6,1070,128,3.6,0.4,141,58,0.5,0.2,98,53,0.3,0.2,2,4,0.0,0.1,9,11,0.0,0.1,0,22,0.0,0.1,54,33,0.2,0.1,0,22,0.0,0.1,0,22,0.0,0.1,15,13,0.1,0.1,8,13,0.0,0.1,1,3,0.0,0.1,30,40,0.1,0.1,0,22,0.0,0.1,0,22,0.0,0.1,0,22,0.0,0.1,0,22,0.0,0.1,0,22,0.0,0.1,0,22,0.0,0.1,355,195,1.2,0.7,507,171,1.7,0.6,257,131,0.9,0.4,113,58,0.4,0.2,62,33,0.2,0.1,24,44,0.1,0.1,29866,*****,29866,(X),28221
0500000US01095,Marshall County ,95643,*****,95643,(X),47230,77,49.4,0.1,48413,77,50.6,0.1,97.6,0.3,(X),(X),6615,31,6.9,0.1,6208,457,6.5,0.5,7042,461,7.4,0.5,6242,111,6.5,0.1,5581,65,5.8,0.1,11702,68,12.2,0.1,11511,107,12.0,0.1,12393,80,13.0,0.1,6176,434,6.5,0.5,6080,432,6.4,0.5,9426,62,9.9,0.1,5123,205,5.4,0.2,1544,201,1.6,0.2,38.8,0.4,(X),(X),23887,*****,25.0,*****,74429,215,77.8,0.2,71756,*****,75.0,*****,68761,202,71.9,0.2,19582,353,20.5,0.4,16093,68,16.8,0.1,71756,*****,71756,(X),34910,22,48.7,0.1,36846,22,51.3,0.1,94.7,0.1,(X),(X),16093,68,16093,(X),6981,67,43.4,0.2,9112,5,56.6,0.2,76.6,0.7,(X),(X),95643,*****,95643,(X),93921,274,98.2,0.3,1722,274,1.8,0.3,93921,274,98.2,0.3,88969,527,93.0,0.6,2549,187,2.7,0.2,378,147,0.4,0.2,228,132,0.2,0.1,0,28,0.0,0.1,0,28,0.0,0.1,0,28,0.0,0.1,573,71,0.6,0.1,330,134,0.3,0.1,86,71,0.1,0.1,58,34,0.1,0.1,45,45,0.0,0.1,0,28,0.0,0.1,44,48,0.0,0.1,10,16,0.0,0.1,51,48,0.1,0.1,47,48,0.0,0.1,3,4,0.0,0.1,0,28,0.0,0.1,1,3,0.0,0.1,1401,503,1.5,0.5,1722,274,1.8,0.3,375,178,0.4,0.2,958,203,1.0,0.2,145,68,0.2,0.1,25,28,0.0,0.1,95643,*****,95643,(X),90643
0500000US01097,Mobile County ,414114,*****,414114,(X),197367,77,47.7,0.1,216747,77,52.3,0.1,91.1,0.1,(X),(X),27202,4,6.6,0.1,26110,866,6.3,0.2,27758,866,6.7,0.2,26772,166,6.5,0.1,27434,163,6.6,0.1,57737,207,13.9,0.1,49349,126,11.9,0.1,51615,100,12.5,0.1,27363,813,6.6,0.2,27435,809,6.6,0.2,39312,198,9.5,0.1,19160,433,4.6,0.1,6867,432,1.7,0.1,37.9,0.2,(X),(X),97811,42,23.6,0.1,327383,449,79.1,0.1,316303,42,76.4,0.1,300685,540,72.6,0.1,81310,751,19.6,0.2,65339,24,15.8,0.1,316303,42,316303,(X),147900,31,46.8,0.1,168403,39,53.2,0.1,87.8,0.1,(X),(X),65339,24,65339,(X),28066,4,43.0,0.1,37273,24,57.0,0.1,75.3,0.1,(X),(X),414114,*****,414114,(X),406474,995,98.2,0.2,7640,995,1.8,0.2,406474,995,98.2,0.2,242715,770,58.6,0.2,148050,864,35.8,0.2,3192,400,0.8,0.1,429,168,0.1,0.1,0,28,0.0,0.1,45,71,0.0,0.1,67,114,0.0,0.1,7928,521,1.9,0.1,686,306,0.2,0.1,814,364,0.2,0.1,839,300,0.2,0.1,391,306,0.1,0.1,340,222,0.1,0.1,2853,679,0.7,0.2,2005,455,0.5,0.1,47,37,0.0,0.1,33,32,0.0,0.1,0,28,0.0,0.1,0,28,0.0,0.1,14,19,0.0,0.1,4542,929,1.1,0.2,7640,995,1.8,0.2,2521,642,0.6,0.2,2113,425,0.5,0.1,1320,337,0.3,0.1,408,201,0.1,0.1,414114,*****,414114,(X),249532
0500000US01099,Monroe County ,21270,*****,21270,(X),10160,137,47.8,0.6,11110,137,52.2,0.6,91.4,2.4,(X),(X),1135,6,5.3,0.1,1364,239,6.4,1.1,1342,238,6.3,1.1,1530,182,7.2,0.9,1181,175,5.6,0.8,2277,88,10.7,0.4,2399,168,11.3,0.8,2813,170,13.2,0.8,1739,239,8.2,1.1,1390,232,6.5,1.1,2325,25,10.9,0.1,1171,151,5.5,0.7,604,146,2.8,0.7,43.3,0.5,(X),(X),4748,16,22.3,0.1,17101,112,80.4,0.5,16522,16,77.7,0.1,15740,205,74.0,1.0,4933,192,23.2,0.9,4100,34,19.3,0.2,16522,16,16522,(X),7602,41,46.0,0.2,8920,31,54.0,0.2,85.2,0.7,(X),(X),4100,34,4100,(X),1784,11,43.5,0.3,2316,31,56.5,0.3,77.0,1.1,(X),(X),21270,*****,21270,(X),21071,139,99.1,0.7,199,139,0.9,0.7,21071,139,99.1,0.7,11587,38,54.5,0.2,9026,140,42.4,0.7,372,40,1.7,0.2,0,22,0.0,0.2,0,22,0.0,0.2,0,22,0.0,0.2,0,22,0.0,0.2,58,53,0.3,0.2,29,47,0.1,0.2,0,22,0.0,0.2,13,20,0.1,0.1,0,22,0.0,0.2,0,22,0.0,0.2,0,22,0.0,0.2,16,21,0.1,0.1,6,8,0.0,0.1,2,3,0.0,0.1,0,22,0.0,0.2,0,22,0.0,0.2,4,7,0.0,0.1,22,28,0.1,0.1,199,139,0.9,0.7,94,96,0.4,0.5,22,40,0.1,0.2,0,22,0.0,0.2,0,22,0.0,0.2,21270,*****,21270,(X),11786
0500000US01101,Montgomery County ,226941,*****,226941,(X),107049,55,47.2,0.1,119892,55,52.8,0.1,89.3,0.1,(X),(X),15346,19,6.8,0.1,15031,880,6.6,0.4,14320,881,6.3,0.4,15072,100,6.6,0.1,16602,91,7.3,0.1,32909,60,14.5,0.1,28318,44,12.5,0.1,27766,60,12.2,0.1,14751,729,6.5,0.3,13719,721,6.0,0.3,19379,83,8.5,0.1,10170,319,4.5,0.1,3558,324,1.6,0.1,36.4,0.3,(X),(X),53440,*****,23.5,*****,179440,358,79.1,0.2,173501,*****,76.5,*****,163894,444,72.2,0.2,41377,713,18.2,0.3,33107,61,14.6,0.1,173501,*****,173501,(X),80051,50,46.1,0.1,93450,50,53.9,0.1,85.7,0.1,(X),(X),33107,61,33107,(X),13837,39,41.8,0.1,19270,64,58.2,0.1,71.8,0.4,(X),(X),226941,*****,226941,(X),222681,573,98.1,0.3,4260,573,1.9,0.3,222681,573,98.1,0.3,81265,667,35.8,0.3,131408,496,57.9,0.2,468,130,0.2,0.1,79,49,0.0,0.1,15,24,0.0,0.1,0,28,0.0,0.1,49,65,0.0,0.1,6383,322,2.8,0.1,1071,325,0.5,0.1,432,172,0.2,0.1,340,133,0.1,0.1,226,144,0.1,0.1,3073,445,1.4,0.2,435,263,0.2,0.1,806,347,0.4,0.2,53,52,0.0,0.1,13,25,0.0,0.1,0,28,0.0,0.1,32,44,0.0,0.1,8,12,0.0,0.1,3104,628,1.4,0.3,4260,573,1.9,0.3,1477,388,0.7,0.2,545,101,0.2,0.1,830,308,0.4,0.1,205,143,0.1,0.1,226941,*****,226941,(X),84638
0500000US01103,Morgan County ,119213,*****,119213,(X),58712,123,49.2,0.1,60501,123,50.8,0.1,97.0,0.4,(X),(X),7181,109,6.0,0.1,8148,444,6.8,0.4,7108,448,6.0,0.4,7472,201,6.3,0.2,6826,148,5.7,0.1,14607,141,12.3,0.1,14798,169,12.4,0.1,16533,131,13.9,0.1,8269,425,6.9,0.4,7859,427,6.6,0.4,11879,171,10.0,0.1,6318,275,5.3,0.2,2215,275,1.9,0.2,40.6,0.3,(X),(X),27367,*****,23.0,*****,95022,319,79.7,0.3,91846,*****,77.0,*****,88171,265,74.0,0.2,25327,407,21.2,0.3,20412,147,17.1,0.1,91846,*****,91846,(X),44648,30,48.6,0.1,47198,30,51.4,0.1,94.6,0.1,(X),(X),20412,147,20412,(X),8846,120,43.3,0.4,11566,88,56.7,0.4,76.5,1.2,(X),(X),119213,*****,119213,(X),116532,515,97.8,0.4,2681,515,2.2,0.4,116532,515,97.8,0.4,95265,814,79.9,0.7,15230,378,12.8,0.3,574,235,0.5,0.2,478,221,0.4,0.2,0,28,0.0,0.1,0,28,0.0,0.1,6,12,0.0,0.1,760,165,0.6,0.1,296,189,0.2,0.2,192,176,0.2,0.1,110,70,0.1,0.1,0,28,0.0,0.1,29,33,0.0,0.1,8,16,0.0,0.1,125,105,0.1,0.1,91,96,0.1,0.1,59,89,0.0,0.1,25,39,0.0,0.1,7,12,0.0,0.1,0,28,0.0,0.1,4612,833,3.9,0.7,2681,515,2.2,0.4,826,295,0.7,0.2,1486,332,1.2,0.3,247,165,0.2,0.1,0,28,0.0,0.1,119213,*****,119213,(X),97907
0500000US01105,Perry County ,9293,*****,9293,(X),4263,172,45.9,1.9,5030,172,54.1,1.9,84.8,6.3,(X),(X),484,67,5.2,0.7,181,120,1.9,1.3,947,104,10.2,1.1,1170,202,12.6,2.2,628,202,6.8,2.2,804,290,8.7,3.1,1406,305,15.1,3.3,690,211,7.4,2.3,611,129,6.6,1.4,600,129,6.5,1.4,1171,142,12.6,1.5,479,145,5.2,1.6,122,68,1.3,0.7,36.9,1.4,(X),(X),2007,*****,21.6,*****,7569,85,81.4,0.9,7286,*****,78.4,*****,6331,213,68.1,2.3,2161,120,23.3,1.3,1772,*****,19.1,*****,7286,*****,7286,(X),3319,*****,45.6,*****,3967,*****,54.4,*****,83.7,*****,(X),(X),1772,*****,1772,(X),716,*****,40.4,*****,1056,*****,59.6,*****,67.8,*****,(X),(X),9293,*****,9293,(X),9293,17,100.0,0.3,0,17,0.0,0.3,9293,17,100.0,0.3,2737,18,29.5,0.2,6491,67,69.8,0.7,3,5,0.0,0.1,2,4,0.0,0.1,0,17,0.0,0.3,0,17,0.0,0.3,0,17,0.0,0.3,8,16,0.1,0.2,0,17,0.0,0.3,0,17,0.0,0.3,0,17,0.0,0.3,8,16,0.1,0.2,0,17,0.0,0.3,0,17,0.0,0.3,0,17,0.0,0.3,0,17,0.0,0.3,0,17,0.0,0.3,0,17,0.0,0.3,0,17,0.0,0.3,0,17,0.0,0.3,54,64,0.6,0.7,0,17,0.0,0.3,0,17,0.0,0.3,0,17,0.0,0.3,0,17,0.0,0.3,0,17,0.0,0.3,9293,*****,9293,(X),2737
0500000US01107,Pickens County ,20243,*****,20243,(X),9637,121,47.6,0.6,10606,121,52.4,0.6,90.9,2.2,(X),(X),1057,16,5.2,0.1,1051,125,5.2,0.6,1171,122,5.8,0.6,1171,124,5.8,0.6,1298,108,6.4,0.5,2516,100,12.4,0.5,2560,109,12.6,0.5,2837,53,14.0,0.3,1463,169,7.2,0.8,1380,169,6.8,0.8,2125,23,10.5,0.1,1088,93,5.4,0.5,526,93,2.6,0.5,42.2,0.7,(X),(X),4031,*****,19.9,*****,16747,69,82.7,0.3,16212,*****,80.1,*****,15519,160,76.7,0.8,4385,149,21.7,0.7,3739,23,18.5,0.1,16212,*****,16212,(X),7513,80,46.3,0.5,8699,80,53.7,0.5,86.4,1.7,(X),(X),3739,23,3739,(X),1677,4,44.9,0.3,2062,23,55.1,0.3,81.3,1.0,(X),(X),20243,*****,20243,(X),19941,142,98.5,0.7,302,142,1.5,0.7,19941,142,98.5,0.7,11477,110,56.7,0.5,8134,161,40.2,0.8,28,43,0.1,0.2,0,22,0.0,0.2,0,22,0.0,0.2,0,22,0.0,0.2,0,22,0.0,0.2,12,21,0.1,0.1,0,22,0.0,0.2,0,22,0.0,0.2,2,4,0.0,0.1,0,22,0.0,0.2,0,22,0.0,0.2,0,22,0.0,0.2,10,21,0.0,0.1,12,20,0.1,0.1,12,20,0.1,0.1,0,22,0.0,0.2,0,22,0.0,0.2,0,22,0.0,0.2,278,90,1.4,0.4,302,142,1.5,0.7,195,141,1.0,0.7,61,43,0.3,0.2,8,13,0.0,0.1,0,22,0.0,0.2,20243,*****,20243,(X),11769
0500000US01109,Pike County ,33333,*****,33333,(X),15980,131,47.9,0.4,17353,131,52.1,0.4,92.1,1.4,(X),(X),1826,70,5.5,0.2,1986,202,6.0,0.6,1637,200,4.9,0.6,2902,47,8.7,0.1,5684,167,17.1,0.5,3933,103,11.8,0.3,3266,65,9.8,0.2,3466,108,10.4,0.3,1887,224,5.7,0.7,1800,215,5.4,0.6,2846,52,8.5,0.2,1601,133,4.8,0.4,499,136,1.5,0.4,31.2,0.7,(X),(X),6470,93,19.4,0.3,27622,136,82.9,0.4,26863,93,80.6,0.3,23483,393,70.4,1.2,5904,175,17.7,0.5,4946,70,14.8,0.2,26863,93,26863,(X),12628,130,47.0,0.4,14235,81,53.0,0.4,88.7,1.3,(X),(X),4946,70,4946,(X),2213,46,44.7,0.5,2733,37,55.3,0.5,81.0,1.6,(X),(X),33333,*****,33333,(X),32526,368,97.6,1.1,807,368,2.4,1.1,32526,368,97.6,1.1,19301,79,57.9,0.2,12277,373,36.8,1.1,188,58,0.6,0.2,2,3,0.0,0.1,0,25,0.0,0.1,0,25,0.0,0.1,0,25,0.0,0.1,734,48,2.2,0.1,27,34,0.1,0.1,413,152,1.2,0.5,7,11,0.0,0.1,1,5,0.0,0.1,27,30,0.1,0.1,240,176,0.7,0.5,19,24,0.1,0.1,3,4,0.0,0.1,0,25,0.0,0.1,0,25,0.0,0.1,3,4,0.0,0.1,0,25,0.0,0.1,23,31,0.1,0.1,807,368,2.4,1.1,506,368,1.5,1.1,174,58,0.5,0.2,11,14,0.0,0.1,26,17,0.1,0.1,33333,*****,33333,(X),20072
0500000US01111,Randolph County ,22647,*****,22647,(X),11057,118,48.8,0.5,11590,118,51.2,0.5,95.4,2.0,(X),(X),1317,15,5.8,0.1,1374,142,6.1,0.6,1332,142,5.9,0.6,1496,107,6.6,0.5,1352,141,6.0,0.6,2382,158,10.5,0.7,2464,88,10.9,0.4,3010,30,13.3,0.1,1234,194,5.4,0.9,2064,193,9.1,0.9,2717,121,12.0,0.5,1544,151,6.8,0.7,361,101,1.6,0.4,43.4,0.4,(X),(X),4896,*****,21.6,*****,18293,73,80.8,0.3,17751,*****,78.4,*****,16820,165,74.3,0.7,5768,191,25.5,0.8,4622,30,20.4,0.1,17751,*****,17751,(X),8466,66,47.7,0.4,9285,66,52.3,0.4,91.2,1.4,(X),(X),4622,30,4622,(X),2077,17,44.9,0.3,2545,25,55.1,0.3,81.6,1.1,(X),(X),22647,*****,22647,(X),22242,173,98.2,0.8,405,173,1.8,0.8,22242,173,98.2,0.8,17452,183,77.1,0.8,4622,278,20.4,1.2,38,51,0.2,0.2,0,22,0.0,0.1,0,22,0.0,0.1,0,22,0.0,0.1,0,22,0.0,0.1,47,54,0.2,0.2,17,30,0.1,0.1,0,22,0.0,0.1,30,46,0.1,0.2,0,22,0.0,0.1,0,22,0.0,0.1,0,22,0.0,0.1,0,22,0.0,0.1,0,22,0.0,0.1,0,22,0.0,0.1,0,22,0.0,0.1,0,22,0.0,0.1,0,22,0.0,0.1,83,124,0.4,0.5,405,173,1.8,0.8,296,139,1.3,0.6,53,62,0.2,0.3,19,29,0.1,0.1,0,22,0.0,0.1,22647,*****,22647,(X),17857
0500000US01113,Russell County ,57952,*****,57952,(X),27861,141,48.1,0.2,30091,141,51.9,0.2,92.6,0.9,(X),(X),4158,87,7.2,0.1,4361,343,7.5,0.6,3457,352,6.0,0.6,3329,238,5.7,0.4,3727,175,6.4,0.3,8645,228,14.9,0.4,7418,221,12.8,0.4,7487,163,12.9,0.3,3759,342,6.5,0.6,3582,372,6.2,0.6,4852,84,8.4,0.1,2455,192,4.2,0.3,722,167,1.2,0.3,36.3,0.4,(X),(X),14169,92,24.4,0.2,45533,191,78.6,0.3,43783,92,75.6,0.2,42221,259,72.9,0.4,10145,301,17.5,0.5,8029,96,13.9,0.2,43783,92,43783,(X),20737,129,47.4,0.3,23046,124,52.6,0.3,90.0,1.0,(X),(X),8029,96,8029,(X),3317,54,41.3,0.6,4712,88,58.7,0.6,70.4,1.9,(X),(X),57952,*****,57952,(X),55864,575,96.4,1.0,2088,575,3.6,1.0,55864,575,96.4,1.0,28519,672,49.2,1.2,25300,457,43.7,0.8,179,128,0.3,0.2,90,89,0.2,0.2,0,28,0.0,0.1,0,28,0.0,0.1,0,28,0.0,0.1,553,151,1.0,0.3,46,47,0.1,0.1,28,35,0.0,0.1,335,170,0.6,0.3,38,41,0.1,0.1,93,88,0.2,0.2,0,28,0.0,0.1,13,23,0.0,0.1,23,36,0.0,0.1,23,36,0.0,0.1,0,28,0.0,0.1,0,28,0.0,0.1,0,28,0.0,0.1,1290,705,2.2,1.2,2088,575,3.6,1.0,720,307,1.2,0.5,334,123,0.6,0.2,211,137,0.4,0.2,317,309,0.5,0.5,57952,*****,57952,(X),30012
0500000US01115,St. Clair County ,87989,*****,87989,(X),44013,241,50.0,0.3,43976,241,50.0,0.3,100.1,1.1,(X),(X),5171,73,5.9,0.1,5536,410,6.3,0.5,5911,422,6.7,0.5,5137,218,5.8,0.2,4810,204,5.5,0.2,11390,326,12.9,0.4,11465,229,13.0,0.3,12383,168,14.1,0.2,6637,428,7.5,0.5,5232,439,5.9,0.5,8751,178,9.9,0.2,4400,314,5.0,0.4,1166,254,1.3,0.3,40.3,0.4,(X),(X),20041,93,22.8,0.1,70160,303,79.7,0.3,67948,93,77.2,0.1,65335,262,74.3,0.3,17738,411,20.2,0.5,14317,105,16.3,0.1,67948,93,67948,(X),33518,131,49.3,0.2,34430,141,50.7,0.2,97.4,0.7,(X),(X),14317,105,14317,(X),6490,100,45.3,0.5,7827,68,54.7,0.5,82.9,1.6,(X),(X),87989,*****,87989,(X),86947,281,98.8,0.3,1042,281,1.2,0.3,86947,281,98.8,0.3,76774,321,87.3,0.4,8447,196,9.6,0.2,351,166,0.4,0.2,217,135,0.2,0.2,0,28,0.0,0.1,0,28,0.0,0.1,0,28,0.0,0.1,745,153,0.8,0.2,167,217,0.2,0.2,182,178,0.2,0.2,292,219,0.3,0.2,31,46,0.0,0.1,4,7,0.0,0.1,28,38,0.0,0.1,41,36,0.0,0.1,11,19,0.0,0.1,11,19,0.0,0.1,0,28,0.0,0.1,0,28,0.0,0.1,0,28,0.0,0.1,619,340,0.7,0.4,1042,281,1.2,0.3,255,175,0.3,0.2,396,156,0.5,0.2,197,134,0.2,0.2,0,28,0.0,0.1,87989,*****,87989,(X),77765
0500000US01117,Shelby County ,213432,*****,213432,(X),103346,78,48.4,0.1,110086,78,51.6,0.1,93.9,0.1,(X),(X),12441,29,5.8,0.1,13887,745,6.5,0.3,15006,748,7.0,0.4,14478,148,6.8,0.1,12193,191,5.7,0.1,26300,144,12.3,0.1,29716,150,13.9,0.1,30210,141,14.2,0.1,14003,552,6.6,0.3,13482,555,6.3,0.3,19696,134,9.2,0.1,9279,333,4.3,0.2,2741,315,1.3,0.1,39.3,0.3,(X),(X),50625,21,23.7,0.1,168899,317,79.1,0.1,162807,21,76.3,0.1,154992,385,72.6,0.2,39250,489,18.4,0.2,31716,115,14.9,0.1,162807,21,162807,(X),77712,17,47.7,0.1,85095,17,52.3,0.1,91.3,0.1,(X),(X),31716,115,31716,(X),14125,104,44.5,0.2,17591,49,55.5,0.2,80.3,0.6,(X),(X),213432,*****,213432,(X),209158,582,98.0,0.3,4274,582,2.0,0.3,209158,582,98.0,0.3,170998,854,80.1,0.4,25878,576,12.1,0.3,736,296,0.3,0.1,301,140,0.1,0.1,0,28,0.0,0.1,0,28,0.0,0.1,28,46,0.0,0.1,4399,269,2.1,0.1,930,323,0.4,0.2,1033,389,0.5,0.2,139,95,0.1,0.1,201,164,0.1,0.1,489,220,0.2,0.1,1120,509,0.5,0.2,487,210,0.2,0.1,51,27,0.0,0.1,23,12,0.0,0.1,9,19,0.0,0.1,0,28,0.0,0.1,19,23,0.0,0.1,7096,967,3.3,0.5,4274,582,2.0,0.3,1962,489,0.9,0.2,680,159,0.3,0.1,966,252,0.5,0.1,123,99,0.1,0.1,213432,*****,213432,(X),174951
0500000US01119,Sumter County ,12797,*****,12797,(X),5927,64,46.3,0.5,6870,64,53.7,0.5,86.3,1.7,(X),(X),715,*****,5.6,*****,752,153,5.9,1.2,567,145,4.4,1.1,1264,238,9.9,1.9,1411,220,11.0,1.7,1536,222,12.0,1.7,1128,49,8.8,0.4,1388,*****,10.8,*****,980,135,7.7,1.1,822,135,6.4,1.1,1226,*****,9.6,*****,764,86,6.0,0.7,244,85,1.9,0.7,35.6,0.3,(X),(X),2470,*****,19.3,*****,10570,88,82.6,0.7,10327,*****,80.7,*****,9106,271,71.2,2.1,2692,137,21.0,1.1,2234,*****,17.5,*****,10327,*****,10327,(X),4606,*****,44.6,*****,5721,*****,55.4,*****,80.5,*****,(X),(X),2234,*****,2234,(X),902,*****,40.4,*****,1332,*****,59.6,*****,67.7,*****,(X),(X),12797,*****,12797,(X),12766,34,99.8,0.3,31,34,0.2,0.3,12766,34,99.8,0.3,3229,77,25.2,0.6,9204,298,71.9,2.3,9,12,0.1,0.1,0,19,0.0,0.3,0,19,0.0,0.3,0,19,0.0,0.3,0,19,0.0,0.3,274,284,2.1,2.2,0,19,0.0,0.3,237,272,1.9,2.1,0,19,0.0,0.3,0,19,0.0,0.3,0,19,0.0,0.3,3,7,0.0,0.1,34,58,0.3,0.5,0,19,0.0,0.3,0,19,0.0,0.3,0,19,0.0,0.3,0,19,0.0,0.3,0,19,0.0,0.3,50,66,0.4,0.5,31,34,0.2,0.3,13,25,0.1,0.2,13,17,0.1,0.1,0,19,0.0,0.3,0,19,0.0,0.3,12797,*****,12797,(X),3255
0500000US01121,Talladega County ,80387,*****,80387,(X),38826,160,48.3,0.2,41561,160,51.7,0.2,93.4,0.7,(X),(X),4266,45,5.3,0.1,4943,358,6.1,0.4,4829,367,6.0,0.5,5119,83,6.4,0.1,5237,283,6.5,0.4,9864,92,12.3,0.1,9868,235,12.3,0.3,10873,105,13.5,0.1,5481,371,6.8,0.5,5855,370,7.3,0.5,8466,68,10.5,0.1,4285,238,5.3,0.3,1301,256,1.6,0.3,41.3,0.4,(X),(X),17257,80,21.5,0.1,65202,203,81.1,0.3,63130,80,78.5,0.1,59906,328,74.5,0.4,17499,317,21.8,0.4,14052,101,17.5,0.1,63130,80,63130,(X),30137,150,47.7,0.2,32993,129,52.3,0.2,91.3,0.8,(X),(X),14052,101,14052,(X),6284,85,44.7,0.4,7768,70,55.3,0.4,80.9,1.4,(X),(X),80387,*****,80387,(X),79049,340,98.3,0.4,1338,340,1.7,0.4,79049,340,98.3,0.4,51398,289,63.9,0.4,26215,330,32.6,0.4,342,120,0.4,0.1,134,105,0.2,0.1,28,41,0.0,0.1,0,28,0.0,0.1,0,28,0.0,0.1,494,75,0.6,0.1,135,160,0.2,0.2,12,19,0.0,0.1,30,36,0.0,0.1,0,28,0.0,0.1,48,37,0.1,0.1,68,69,0.1,0.1,201,129,0.3,0.2,90,95,0.1,0.1,85,95,0.1,0.1,0,28,0.0,0.1,5,8,0.0,0.1,0,28,0.0,0.1,510,304,0.6,0.4,1338,340,1.7,0.4,759,269,0.9,0.3,303,131,0.4,0.2,119,74,0.1,0.1,17,28,0.0,0.1,80387,*****,80387,(X),52692
0500000US01123,Tallapoosa County ,40541,*****,40541,(X),19573,83,48.3,0.2,20968,83,51.7,0.2,93.3,0.8,(X),(X),2257,67,5.6,0.2,2698,274,6.7,0.7,2034,271,5.0,0.7,2327,179,5.7,0.4,2558,185,6.3,0.5,4314,109,10.6,0.3,4207,92,10.4,0.2,5363,74,13.2,0.2,3019,263,7.4,0.6,3259,276,8.0,0.7,5111,52,12.6,0.1,2624,172,6.5,0.4,770,180,1.9,0.4,44.7,0.3,(X),(X),8469,37,20.9,0.1,33041,128,81.5,0.3,32072,37,79.1,0.1,30713,229,75.8,0.6,10367,269,25.6,0.7,8505,55,21.0,0.1,32072,37,32072,(X),15294,44,47.7,0.1,16778,38,52.3,0.1,91.2,0.4,(X),(X),8505,55,8505,(X),3875,23,45.6,0.3,4630,54,54.4,0.3,83.7,1.2,(X),(X),40541,*****,40541,(X),40024,189,98.7,0.5,517,189,1.3,0.5,40024,189,98.7,0.5,28360,214,70.0,0.5,11123,180,27.4,0.4,90,54,0.2,0.1,67,42,0.2,0.1,0,25,0.0,0.1,0,25,0.0,0.1,0,25,0.0,0.1,145,84,0.4,0.2,14,23,0.0,0.1,106,89,0.3,0.2,2,3,0.0,0.1,0,25,0.0,0.1,21,25,0.1,0.1,0,25,0.0,0.1,2,3,0.0,0.1,0,25,0.0,0.1,0,25,0.0,0.1,0,25,0.0,0.1,0,25,0.0,0.1,0,25,0.0,0.1,306,226,0.8,0.6,517,189,1.3,0.5,101,121,0.2,0.3,172,54,0.4,0.1,92,69,0.2,0.2,0,25,0.0,0.1,40541,*****,40541,(X),28876
0500000US01125,Tuscaloosa County ,207305,*****,207305,(X),100006,80,48.2,0.1,107299,80,51.8,0.1,93.2,0.1,(X),(X),12402,92,6.0,0.1,12294,600,5.9,0.3,11677,566,5.6,0.3,19657,487,9.5,0.2,22219,478,10.7,0.2,30577,118,14.7,0.1,24606,238,11.9,0.1,23335,236,11.3,0.1,11656,570,5.6,0.3,12209,590,5.9,0.3,16210,118,7.8,0.1,7724,304,3.7,0.1,2739,291,1.3,0.1,33.0,0.2,(X),(X),43618,33,21.0,0.1,168197,274,81.1,0.1,163687,33,79.0,0.1,145741,961,70.3,0.5,34035,535,16.4,0.3,26673,130,12.9,0.1,163687,33,163687,(X),77752,48,47.5,0.1,85935,40,52.5,0.1,90.5,0.1,(X),(X),26673,130,26673,(X),11507,78,43.1,0.2,15166,99,56.9,0.2,75.9,0.7,(X),(X),207305,*****,207305,(X),205105,415,98.9,0.2,2200,415,1.1,0.2,205105,415,98.9,0.2,133130,777,64.2,0.4,66307,331,32.0,0.2,448,209,0.2,0.1,83,57,0.0,0.1,0,28,0.0,0.1,0,28,0.0,0.1,15,32,0.0,0.1,3341,196,1.6,0.1,374,193,0.2,0.1,1041,364,0.5,0.2,399,214,0.2,0.1,45,62,0.0,0.1,365,180,0.2,0.1,679,348,0.3,0.2,438,265,0.2,0.1,93,94,0.0,0.1,15,24,0.0,0.1,0,28,0.0,0.1,21,25,0.0,0.1,57,86,0.0,0.1,1786,718,0.9,0.3,2200,415,1.1,0.2,582,223,0.3,0.1,628,123,0.3,0.1,432,174,0.2,0.1,207,113,0.1,0.1,207305,*****,207305,(X),134990
0500000US01127,Walker County ,64110,*****,64110,(X),31453,123,49.1,0.2,32657,123,50.9,0.2,96.3,0.7,(X),(X),3923,36,6.1,0.1,3969,306,6.2,0.5,3835,303,6.0,0.5,3945,141,6.2,0.2,3656,130,5.7,0.2,7572,191,11.8,0.3,7437,173,11.6,0.3,8525,114,13.3,0.2,4661,293,7.3,0.5,4396,289,6.9,0.5,7200,69,11.2,0.1,3588,216,5.6,0.3,1403,215,2.2,0.3,42.1,0.5,(X),(X),14256,56,22.2,0.1,51506,204,80.3,0.3,49854,56,77.8,0.1,47670,190,74.4,0.3,14658,221,22.9,0.3,12191,79,19.0,0.1,49854,56,49854,(X),24010,77,48.2,0.1,25844,45,51.8,0.1,92.9,0.4,(X),(X),12191,79,12191,(X),5364,62,44.0,0.3,6827,50,56.0,0.3,78.6,1.1,(X),(X),64110,*****,64110,(X),62979,242,98.2,0.4,1131,242,1.8,0.4,62979,242,98.2,0.4,58077,267,90.6,0.4,3961,198,6.2,0.3,143,81,0.2,0.1,36,40,0.1,0.1,12,23,0.0,0.1,0,28,0.0,0.1,8,13,0.0,0.1,331,94,0.5,0.1,0,28,0.0,0.1,217,125,0.3,0.2,0,28,0.0,0.1,16,27,0.0,0.1,8,14,0.0,0.1,4,9,0.0,0.1,86,70,0.1,0.1,0,28,0.0,0.1,0,28,0.0,0.1,0,28,0.0,0.1,0,28,0.0,0.1,0,28,0.0,0.1,467,245,0.7,0.4,1131,242,1.8,0.4,473,223,0.7,0.3,533,70,0.8,0.1,66,87,0.1,0.1,32,42,0.0,0.1,64110,*****,64110,(X),59176
0500000US01129,Washington County ,16541,*****,16541,(X),8159,256,49.3,1.5,8382,256,50.7,1.5,97.3,6.1,(X),(X),801,137,4.8,0.8,845,223,5.1,1.3,1157,185,7.0,1.1,1413,272,8.5,1.6,979,178,5.9,1.1,1670,215,10.1,1.3,1681,146,10.2,0.9,2528,161,15.3,1.0,1035,209,6.3,1.3,1385,209,8.4,1.3,1881,113,11.4,0.7,1002,98,6.1,0.6,164,95,1.0,0.6,43.7,0.6,(X),(X),3788,52,22.9,0.3,13300,129,80.4,0.8,12753,52,77.1,0.3,12021,178,72.7,1.1,3958,201,23.9,1.2,3047,79,18.4,0.5,12753,52,12753,(X),6281,216,49.3,1.6,6472,207,50.7,1.6,97.0,6.4,(X),(X),3047,79,3047,(X),1387,69,45.5,2.0,1660,75,54.5,2.0,83.6,6.6,(X),(X),16541,*****,16541,(X),16144,219,97.6,1.3,397,219,2.4,1.3,16144,219,97.6,1.3,10972,228,66.3,1.4,3894,260,23.5,1.6,1221,160,7.4,1.0,169,153,1.0,0.9,0,19,0.0,0.2,0,19,0.0,0.2,0,19,0.0,0.2,42,37,0.3,0.2,7,15,0.0,0.1,4,5,0.0,0.1,15,25,0.1,0.2,0,19,0.0,0.2,0,19,0.0,0.2,0,19,0.0,0.2,16,20,0.1,0.1,0,19,0.0,0.2,0,19,0.0,0.2,0,19,0.0,0.2,0,19,0.0,0.2,0,19,0.0,0.2,15,26,0.1,0.2,397,219,2.4,1.3,222,150,1.3,0.9,149,156,0.9,0.9,26,31,0.2,0.2,0,19,0.0,0.2,16541,*****,16541,(X),11369
0500000US01131,Wilcox County ,10681,*****,10681,(X),5014,126,46.9,1.2,5667,126,53.1,1.2,88.5,4.2,(X),(X),671,*****,6.3,*****,479,162,4.5,1.5,921,158,8.6,1.5,858,131,8.0,1.2,638,127,6.0,1.2,1134,90,10.6,0.8,1289,83,12.1,0.8,1198,28,11.2,0.3,655,109,6.1,1.0,812,109,7.6,1.0,1192,*****,11.2,*****,607,62,5.7,0.6,227,61,2.1,0.6,40.5,1.0,(X),(X),2577,*****,24.1,*****,8487,75,79.5,0.7,8104,*****,75.9,*****,7661,130,71.7,1.2,2589,113,24.2,1.1,2026,*****,19.0,*****,8104,*****,8104,(X),3781,*****,46.7,*****,4323,*****,53.3,*****,87.5,*****,(X),(X),2026,*****,2026,(X),888,*****,43.8,*****,1138,*****,56.2,*****,78.0,*****,(X),(X),10681,*****,10681,(X),10347,378,96.9,3.5,334,378,3.1,3.5,10347,378,96.9,3.5,2915,63,27.3,0.6,7410,385,69.4,3.6,19,17,0.2,0.2,0,19,0.0,0.3,0,19,0.0,0.3,3,4,0.0,0.1,0,19,0.0,0.3,3,5,0.0,0.1,0,19,0.0,0.3,0,19,0.0,0.3,3,5,0.0,0.1,0,19,0.0,0.3,0,19,0.0,0.3,0,19,0.0,0.3,0,19,0.0,0.3,0,19,0.0,0.3,0,19,0.0,0.3,0,19,0.0,0.3,0,19,0.0,0.3,0,19,0.0,0.3,0,19,0.0,0.3,334,378,3.1,3.5,31,40,0.3,0.4,25,36,0.2,0.3,278,379,2.6,3.5,0,19,0.0,0.3,10681,*****,10681,(X),3249
0500000US01133,Winston County ,23784,*****,23784,(X),11781,154,49.5,0.6,12003,154,50.5,0.6,98.2,2.6,(X),(X),1315,91,5.5,0.4,1098,158,4.6,0.7,1612,144,6.8,0.6,1372,56,5.8,0.2,1231,65,5.2,0.3,2576,93,10.8,0.4,2638,74,11.1,0.3,3286,40,13.8,0.2,1968,213,8.3,0.9,1613,200,6.8,0.8,2984,54,12.5,0.2,1615,123,6.8,0.5,476,118,2.0,0.5,45.2,0.3,(X),(X),4926,46,20.7,0.2,19489,111,81.9,0.5,18858,46,79.3,0.2,17968,147,75.5,0.6,5969,187,25.1,0.8,5075,55,21.3,0.2,18858,46,18858,(X),9258,87,49.1,0.4,9600,77,50.9,0.4,96.4,1.6,(X),(X),5075,55,5075,(X),2306,53,45.4,0.7,2769,32,54.6,0.7,83.3,2.3,(X),(X),23784,*****,23784,(X),23339,114,98.1,0.5,445,114,1.9,0.5,23339,114,98.1,0.5,22845,167,96.1,0.7,174,98,0.7,0.4,81,52,0.3,0.2,73,51,0.3,0.2,0,22,0.0,0.1,0,22,0.0,0.1,0,22,0.0,0.1,37,47,0.2,0.2,0,22,0.0,0.1,21,35,0.1,0.1,4,6,0.0,0.1,0,22,0.0,0.1,1,2,0.0,0.1,0,22,0.0,0.1,11,16,0.0,0.1,12,18,0.1,0.1,0,22,0.0,0.1,12,18,0.1,0.1,0,22,0.0,0.1,0,22,0.0,0.1,190,167,0.8,0.7,445,114,1.9,0.5,121,99,0.5,0.4,294,60,1.2,0.3,10,12,0.0,0.1,0,22,0.0,0.1,23784,*****,23784,(X),23290
